"Logradouro/Nome:,""Bairro/Distrito:"",""Localidade/UF:"",""CEP:"""
"Acesso 2 (Feira V),""Mangabeira "",""Feira de Santana/BA"",""44056-186"""
"Alameda Alvorada,""Serraria Brasil "",""Feira de Santana/BA"",""44003-314"""
"Avenida Artêmia Pires de Freitas - de 10100 a 10120 - lado par,""Registro "",""Feira de Santana/BA"",""44073-540"""
"Avenida Artêmia Pires de Freitas - de 10121/10122 ao fim ,""Registro "",""Feira de Santana/BA"",""44073-440"""
"Avenida Azaleias,""Registro "",""Feira de Santana/BA"",""44073-200"""
"Avenida Banco do Nordeste,""CIS "",""Feira de Santana/BA"",""44010-665"""
"Avenida Centro das Indústrias - lado ímpar,""CIS "",""Feira de Santana/BA"",""44010-865"""
"Avenida Centro das Indústrias - lado par,""CIS "",""Feira de Santana/BA"",""44010-860"""
"Avenida Deputado Luís Eduardo Magalhães - do km 521,500 ao km 522,999,""Aviário "",""Feira de Santana/BA"",""44096-486"""
"Avenida Doutor Silvio Antonio Matos,""Registro "",""Feira de Santana/BA"",""44073-570"""
"Avenida Eduardo Frões da Mota,""Brasília "",""Feira de Santana/BA"",""44089-340"""
"Avenida Eduardo Frões da Mota,""Calumbi "",""Feira de Santana/BA"",""44009-730"""
"Avenida Eduardo Frões da Mota,""Campo Limpo "",""Feira de Santana/BA"",""44032-002"""
"Avenida Eduardo Frões da Mota,""Pampalona "",""Feira de Santana/BA"",""44031-641"""
"Avenida Francisco Fraga Maia,""Mangabeira "",""Feira de Santana/BA"",""44056-232"""
"Avenida Getúlio Vargas - de 1186 a 1346 - lado par,""Ponto Central "",""Feira de Santana/BA"",""44075-155"""
"Avenida Governador João Durval Carneiro,""Tomba "",""Feira de Santana/BA"",""44090-008"""
"Avenida Governador João Durval Carneiro - de 2056 a 2798 - lado par,""Ponto Central "",""Feira de Santana/BA"",""44075-196"""
"Avenida Governador João Durval Carneiro - de 2117 a 2421 - lado ímpar,""Ponto Central "",""Feira de Santana/BA"",""44075-185"""
"Avenida Ipanema,""Gabriela "",""Feira de Santana/BA"",""44028-405"""
"Avenida Jorge Bastos Leal,""Registro "",""Feira de Santana/BA"",""44073-500"""
"Avenida Juvenal Azevedo Matos,""Parque Ipé "",""Feira de Santana/BA"",""44054-780"""
"Avenida Lucilândia,""Gabriela "",""Feira de Santana/BA"",""44030-322"""
"Avenida Maria Quitéria - de 1447 a 2083 - lado ímpar,""Ponto Central "",""Feira de Santana/BA"",""44075-005"""
"Avenida Presidente Dutra - de 2419 a 2771 - lado ímpar,""Brasília "",""Feira de Santana/BA"",""44088-451"""
"Avenida Presidente Dutra - de 2773 ao fim - lado ímpar,""Brasília "",""Feira de Santana/BA"",""44088-455"""
"Avenida Prõ-Bahia - lado par,""CIS "",""Feira de Santana/BA"",""44010-850"""
"Avenida Professor Fernando São Paulo - até 586/587,""Ponto Central "",""Feira de Santana/BA"",""44075-045"""
"Avenida Quitéria Alvin,""Asa Branca "",""Feira de Santana/BA"",""44046-600"""
"Avenida Sete Lagoas,""Mangabeira "",""Feira de Santana/BA"",""44056-784"""
"Caminho 1 (Feira IX),""Calumbi "",""Feira de Santana/BA"",""44009-064"""
"Caminho 1 (Jomafa),""Brasília "",""Feira de Santana/BA"",""44089-278"""
"Caminho 1 (Lot Amaralina),""Gabriela "",""Feira de Santana/BA"",""44028-421"""
"Caminho 10 (Feira IX),""Calumbi "",""Feira de Santana/BA"",""44009-120"""
"Caminho 10 (Lot Amaralina),""Gabriela "",""Feira de Santana/BA"",""44028-448"""
"Caminho 11 (Lot Amaralina),""Gabriela "",""Feira de Santana/BA"",""44028-451"""
"Caminho 13 (Lot Amaralina),""Gabriela "",""Feira de Santana/BA"",""44028-457"""
"Caminho 17 (Jomafa),""Brasília "",""Feira de Santana/BA"",""44089-188"""
"Caminho 18 (Feira V),""Mangabeira "",""Feira de Santana/BA"",""44056-164"""
"Caminho 18 (Jomafa),""Brasília "",""Feira de Santana/BA"",""44089-206"""
"Caminho 19 (Feira V),""Mangabeira "",""Feira de Santana/BA"",""44056-168"""
"Caminho 19 (Jomafa),""Brasília "",""Feira de Santana/BA"",""44089-236"""
"Caminho 2 (Feira IX),""Calumbi "",""Feira de Santana/BA"",""44009-072"""
"Caminho 2 (Jomafa),""Brasília "",""Feira de Santana/BA"",""44089-260"""
"Caminho 2 (Lot Amaralina),""Gabriela "",""Feira de Santana/BA"",""44028-424"""
"Caminho 20 (Feira V),""Mangabeira "",""Feira de Santana/BA"",""44056-172"""
"Caminho 20 (Jomafa),""Brasília "",""Feira de Santana/BA"",""44089-266"""
"Caminho 21 (Feira V),""Mangabeira "",""Feira de Santana/BA"",""44056-176"""
"Caminho 21 (Jomafa),""Brasília "",""Feira de Santana/BA"",""44089-248"""
"Caminho 22 (Feira V),""Mangabeira "",""Feira de Santana/BA"",""44056-184"""
"Caminho 22 (Jomafa),""Brasília "",""Feira de Santana/BA"",""44089-212"""
"Caminho 23 (Feira V),""Mangabeira "",""Feira de Santana/BA"",""44056-188"""
"Caminho 23 (Jomafa),""Brasília "",""Feira de Santana/BA"",""44089-194"""
"Caminho 24 (Feira V),""Mangabeira "",""Feira de Santana/BA"",""44056-192"""
"Caminho 25 (Feira V),""Mangabeira "",""Feira de Santana/BA"",""44056-196"""
"Caminho 26 (Feira V),""Mangabeira "",""Feira de Santana/BA"",""44056-200"""
"Caminho 27 (Feira V),""Mangabeira "",""Feira de Santana/BA"",""44056-204"""
"Caminho 28 (Feira V),""Mangabeira "",""Feira de Santana/BA"",""44056-212"""
"Caminho 29 (Feira V),""Mangabeira "",""Feira de Santana/BA"",""44056-216"""
"Caminho 3 (Feira IX),""Calumbi "",""Feira de Santana/BA"",""44009-076"""
"Caminho 3 (Jomafa),""Brasília "",""Feira de Santana/BA"",""44089-224"""
"Caminho 3 (Lot Amaralina),""Gabriela "",""Feira de Santana/BA"",""44028-427"""
"Caminho 30 (Feira IX),""Calumbi "",""Feira de Santana/BA"",""44009-012"""
"Caminho 30 (Feira V),""Mangabeira "",""Feira de Santana/BA"",""44056-220"""
"Caminho 31 (Feira IX),""Calumbi "",""Feira de Santana/BA"",""44009-008"""
"Caminho 31 (Feira V),""Mangabeira "",""Feira de Santana/BA"",""44056-224"""
"Caminho 32 (Feira IX),""Calumbi "",""Feira de Santana/BA"",""44009-020"""
"Caminho 32 (Feira V),""Mangabeira "",""Feira de Santana/BA"",""44056-228"""
"Caminho 33 (Feira IX),""Calumbi "",""Feira de Santana/BA"",""44009-056"""
"Caminho 34 (Feira IX),""Calumbi "",""Feira de Santana/BA"",""44009-024"""
"Caminho 35 (Feira IX),""Calumbi "",""Feira de Santana/BA"",""44009-052"""
"Caminho 36 (Feira IX),""Calumbi "",""Feira de Santana/BA"",""44009-032"""
"Caminho 37 (Feira IX),""Calumbi "",""Feira de Santana/BA"",""44009-036"""
"Caminho 38 (Feira IX),""Calumbi "",""Feira de Santana/BA"",""44009-040"""
"Caminho 38 (Jomafa),""Brasília "",""Feira de Santana/BA"",""44089-218"""
"Caminho 39 (Feira IX),""Calumbi "",""Feira de Santana/BA"",""44009-048"""
"Caminho 39 (Jomafa),""Brasília "",""Feira de Santana/BA"",""44089-254"""
"Caminho 4 (Feira IX),""Calumbi "",""Feira de Santana/BA"",""44009-078"""
"Caminho 4 (Jomafa),""Brasília "",""Feira de Santana/BA"",""44089-200"""
"Caminho 4 (Lot Amaralina),""Gabriela "",""Feira de Santana/BA"",""44028-430"""
"Caminho 40 (Jomafa),""Brasília "",""Feira de Santana/BA"",""44089-272"""
"Caminho 5 (Feira IX),""Calumbi "",""Feira de Santana/BA"",""44009-102"""
"Caminho 5 (Jomafa),""Brasília "",""Feira de Santana/BA"",""44089-182"""
"Caminho 5 (Lot Amaralina),""Gabriela "",""Feira de Santana/BA"",""44028-433"""
"Caminho 6 (Feira IX),""Calumbi "",""Feira de Santana/BA"",""44009-104"""
"Caminho 6 (Lot Amaralina),""Gabriela "",""Feira de Santana/BA"",""44028-436"""
"Caminho 7 (Feira IX),""Calumbi "",""Feira de Santana/BA"",""44009-108"""
"Caminho 7 (Lot Amaralina),""Gabriela "",""Feira de Santana/BA"",""44028-439"""
"Caminho 8 (Feira IX),""Calumbi "",""Feira de Santana/BA"",""44009-112"""
"Caminho 8 (Lot Amaralina),""Gabriela "",""Feira de Santana/BA"",""44028-442"""
"Caminho 9 (Feira IX),""Calumbi "",""Feira de Santana/BA"",""44009-116"""
"Caminho 9 (Lot Amaralina),""Gabriela "",""Feira de Santana/BA"",""44028-445"""
"Condomínio Recanto dos Pássaros,""Brasília "",""Feira de Santana/BA"",""44089-440"""
"Estrada da Cabrita,""CIS "",""Feira de Santana/BA"",""44013-200"""
"Estrada da Pedra Ferrada,""Asa Branca "",""Feira de Santana/BA"",""44044-430"""
"Estrada do Besouro - de 1783 ao fim - lado ímpar,""Asa Branca "",""Feira de Santana/BA"",""44046-715"""
"Estrada do Limoeiro,""Limoeiro "",""Feira de Santana/BA"",""44097-012"""
"Estrada Pau Pombo,""35º BI "",""Feira de Santana/BA"",""44094-834"""
"Estrada Velha Feira-Ipirá,""Campo do Gado Novo "",""Feira de Santana/BA"",""44042-005"""
"Largo da Rinha,""Serraria Brasil "",""Feira de Santana/BA"",""44003-203"""
"Passeio 1 (Feira IX),""Calumbi "",""Feira de Santana/BA"",""44009-114"""
"Passeio 10 (Feira IX),""Calumbi "",""Feira de Santana/BA"",""44009-092"""
"Passeio 2 (Feira IX),""Calumbi "",""Feira de Santana/BA"",""44009-028"""
"Passeio 3 (Feira IX),""Calumbi "",""Feira de Santana/BA"",""44009-006"""
"Passeio 4 (Feira IX),""Calumbi "",""Feira de Santana/BA"",""44009-098"""
"Passeio 5 (Feira IX),""Calumbi "",""Feira de Santana/BA"",""44009-050"""
"Passeio 6 (Feira IX),""Calumbi "",""Feira de Santana/BA"",""44009-106"""
"Passeio 7 (Feira IX),""Calumbi "",""Feira de Santana/BA"",""44009-110"""
"Passeio 8 (Feira IX),""Calumbi "",""Feira de Santana/BA"",""44009-062"""
"Passeio 9 (Feira IX),""Calumbi "",""Feira de Santana/BA"",""44009-066"""
"Praça Alvinópolis,""Aviário "",""Feira de Santana/BA"",""44096-590"""
"Praça Carlos Bahia,""Centro "",""Feira de Santana/BA"",""44002-772"""
"Praça da Paquera,""Serraria Brasil "",""Feira de Santana/BA"",""44003-282"""
"Praça Duque de Caxias,""Olhos D'água "",""Feira de Santana/BA"",""44003-688"""
"Praça Estaçáo Nova,""Ponto Central "",""Feira de Santana/BA"",""44075-183"""
"Praça Jardim Modelo,""Mangabeira "",""Feira de Santana/BA"",""44056-360"""
"Praça João Marinho Falcão,""Chácara São Cosme "",""Feira de Santana/BA"",""44004-168"""
"Praça Petrolina,""Pampalona "",""Feira de Santana/BA"",""44031-442"""
"Praça Tranqúilidade,""Serraria Brasil "",""Feira de Santana/BA"",""44003-336"""
"Rua A (Feira IX) - até 119/120,""Calumbi "",""Feira de Santana/BA"",""44009-060"""
"Rua A (Jomafa),""Brasília "",""Feira de Santana/BA"",""44089-284"""
"Rua A (Lot Tangará),""Gabriela "",""Feira de Santana/BA"",""44030-105"""
"Rua Abraáo,""Calumbi "",""Feira de Santana/BA"",""44008-840"""
"Rua Acácia,""Calumbi "",""Feira de Santana/BA"",""44009-750"""
"Rua Adalberto Pereira,""Olhos D'água "",""Feira de Santana/BA"",""44003-652"""
"Rua Adaltro Pereira de Souza,""Queimadinha "",""Feira de Santana/BA"",""44050-198"""
"Rua Adáo,""Asa Branca "",""Feira de Santana/BA"",""44046-516"""
"Rua Adenil Falcão - de 1083 a 1345 - lado ímpar,""Brasília "",""Feira de Santana/BA"",""44088-648"""
"Rua Adenil Falcão - de 948 a 1350 - lado par,""Brasília "",""Feira de Santana/BA"",""44088-642"""
"Rua ágata - de 20/21 ao fim,""Brasília "",""Feira de Santana/BA"",""44088-636"""
"Rua Agatuba,""Tomba "",""Feira de Santana/BA"",""44090-052"""
"Rua água Amarela,""Gabriela "",""Feira de Santana/BA"",""44030-282"""
"Rua água Branca,""Gabriela "",""Feira de Santana/BA"",""44030-260"""
"Rua água de Cima,""Gabriela "",""Feira de Santana/BA"",""44030-475"""
"Rua água Doce,""Gabriela "",""Feira de Santana/BA"",""44030-205"""
"Rua água Limpa,""Gabriela "",""Feira de Santana/BA"",""44030-222"""
"Rua água Preta,""Gabriela "",""Feira de Santana/BA"",""44030-232"""
"Rua água Rosa,""Gabriela "",""Feira de Santana/BA"",""44030-455"""
"Rua água Verde - de 450/451 ao fim,""Parque Ipé "",""Feira de Santana/BA"",""44054-570"""
"Rua água Vermelha,""Gabriela "",""Feira de Santana/BA"",""44030-242"""
"Rua águas Belas,""Gabriela "",""Feira de Santana/BA"",""44030-145"""
"Rua águas Claras,""Gabriela "",""Feira de Santana/BA"",""44030-202"""
"Rua Aiuba,""Aviário "",""Feira de Santana/BA"",""44096-608"""
"Rua Alameda,""Parque Ipé "",""Feira de Santana/BA"",""44054-775"""
"Rua Alameda dos Oitis,""Mangabeira "",""Feira de Santana/BA"",""44056-388"""
"Rua Alan Kardec,""Gabriela "",""Feira de Santana/BA"",""44030-565"""
"Rua Albânia,""Santo Antônio dos Prazeres "",""Feira de Santana/BA"",""44072-744"""
"Rua Alcântara,""Brasília "",""Feira de Santana/BA"",""44088-594"""
"Rua Alcântara,""Mangabeira "",""Feira de Santana/BA"",""44056-368"""
"Rua Alcides Fadiga,""Queimadinha "",""Feira de Santana/BA"",""44050-066"""
"Rua Alexandre Dumas,""Gabriela "",""Feira de Santana/BA"",""44030-770"""
"Rua Alexandre Flemming,""Gabriela "",""Feira de Santana/BA"",""44030-775"""
"Rua Almerim,""Mangabeira "",""Feira de Santana/BA"",""44056-352"""
"Rua Almirante Barroso,""Gabriela "",""Feira de Santana/BA"",""44030-765"""
"Rua Aloísio Resende,""Queimadinha "",""Feira de Santana/BA"",""44050-054"""
"Rua Alpinópolis,""Aviário "",""Feira de Santana/BA"",""44096-578"""
"Rua Altino,""Santo Antônio dos Prazeres "",""Feira de Santana/BA"",""44072-756"""
"Rua Alto de Santana,""Gabriela "",""Feira de Santana/BA"",""44030-762"""
"Rua Amália Motta Faskomy,""35º BI "",""Feira de Santana/BA"",""44094-722"""
"Rua Amanari,""Santo Antônio dos Prazeres "",""Feira de Santana/BA"",""44072-748"""
"Rua Amaralina - até 1213 - lado ímpar,""Pampalona "",""Feira de Santana/BA"",""44031-645"""
"Rua Amaralina - de 1215 a 2351 - lado ímpar,""Pampalona "",""Feira de Santana/BA"",""44031-585"""
"Rua Amaralina - de 2353 a 2981 - lado ímpar,""Pampalona "",""Feira de Santana/BA"",""44031-475"""
"Rua Amaralina - de 2356 a 3056 - lado par,""Gabriela "",""Feira de Santana/BA"",""44028-408"""
"Rua Amaralina - de 3058 a 3114 - lado par,""Gabriela "",""Feira de Santana/BA"",""44028-416"""
"Rua Amaralina - de 3116 ao fim - lado par,""Gabriela "",""Feira de Santana/BA"",""44030-898"""
"Rua Amaralina - de 3133 ao fim - lado ímpar,""Pampalona "",""Feira de Santana/BA"",""44031-001"""
"Rua América,""Asa Branca "",""Feira de Santana/BA"",""44044-253"""
"Rua Américo Vespúcio,""Serraria Brasil "",""Feira de Santana/BA"",""44003-284"""
"Rua Ana Nery,""Serraria Brasil "",""Feira de Santana/BA"",""44003-378"""
"Rua Angelim,""Calumbi "",""Feira de Santana/BA"",""44009-751"""
"Rua Angelina Borges,""Aviário "",""Feira de Santana/BA"",""44096-716"""
"Rua Angico,""Calumbi "",""Feira de Santana/BA"",""44009-752"""
"Rua Angúera,""Ponto Central "",""Feira de Santana/BA"",""44075-035"""
"Rua Anita Garibaldi,""Gabriela "",""Feira de Santana/BA"",""44030-785"""
"Rua Antenor Moreira Pinho - até 62/63,""Chácara São Cosme "",""Feira de Santana/BA"",""44004-040"""
"Rua Antônio Carlos Machado,""Gabriela "",""Feira de Santana/BA"",""44028-544"""
"Rua Antônio Carlos Madeira Guimarâes,""Gabriela "",""Feira de Santana/BA"",""44028-553"""
"Rua Antonio Motta Freitas (Lot Prq N América),""35º BI "",""Feira de Santana/BA"",""44094-726"""
"Rua Antônio Raimundo Pereira,""Pampalona "",""Feira de Santana/BA"",""44031-582"""
"Rua Antônio Rubens,""Centro "",""Feira de Santana/BA"",""44002-764"""
"Rua Aquidabá,""Pampalona "",""Feira de Santana/BA"",""44031-588"""
"Rua Aracaju,""Centro "",""Feira de Santana/BA"",""44002-608"""
"Rua Araçás,""Aviário "",""Feira de Santana/BA"",""44095-136"""
"Rua Arapuaná,""Asa Branca "",""Feira de Santana/BA"",""44044-254"""
"Rua Araraguara,""Pedra Ferrada "",""Feira de Santana/BA"",""44038-576"""
"Rua Araripe Júnior,""Gabriela "",""Feira de Santana/BA"",""44030-665"""
"Rua Araripina,""Pedra Ferrada "",""Feira de Santana/BA"",""44038-512"""
"Rua Araruana,""Pedra Ferrada "",""Feira de Santana/BA"",""44038-564"""
"Rua Araruna,""Pedra Ferrada "",""Feira de Santana/BA"",""44038-572"""
"Rua Aratiba,""Pedra Ferrada "",""Feira de Santana/BA"",""44038-580"""
"Rua Araticu,""Pedra Ferrada "",""Feira de Santana/BA"",""44038-588"""
"Rua Aratuba,""Pedra Ferrada "",""Feira de Santana/BA"",""44038-584"""
"Rua Araucária,""Pedra Ferrada "",""Feira de Santana/BA"",""44038-592"""
"Rua Araújos,""Pedra Ferrada "",""Feira de Santana/BA"",""44038-596"""
"Rua Arco Verde,""Parque Ipé "",""Feira de Santana/BA"",""44054-560"""
"Rua Arcos,""Pedra Ferrada "",""Feira de Santana/BA"",""44038-600"""
"Rua Armas,""Asa Branca "",""Feira de Santana/BA"",""44044-324"""
"Rua Arnold Silva,""Queimadinha "",""Feira de Santana/BA"",""44050-092"""
"Rua Aroeira,""Asa Branca "",""Feira de Santana/BA"",""44044-319"""
"Rua Aroeira,""Calumbi "",""Feira de Santana/BA"",""44009-762"""
"Rua Arroazes,""Asa Branca "",""Feira de Santana/BA"",""44044-266"""
"Rua Arroio do Meio,""Asa Branca "",""Feira de Santana/BA"",""44044-337"""
"Rua Artur Bernardes,""Queimadinha "",""Feira de Santana/BA"",""44050-072"""
"Rua Artur de Assis - de 340/341 ao fim,""Queimadinha "",""Feira de Santana/BA"",""44050-036"""
"Rua Assailândia,""Asa Branca "",""Feira de Santana/BA"",""44044-398"""
"Rua Assal,""Asa Branca "",""Feira de Santana/BA"",""44044-370"""
"Rua Assis,""Asa Branca "",""Feira de Santana/BA"",""44044-249"""
"Rua Astolfo Dutra,""Asa Branca "",""Feira de Santana/BA"",""44044-391"""
"Rua Astrorga,""Asa Branca "",""Feira de Santana/BA"",""44044-384"""
"Rua Atlético,""Parque Ipé "",""Feira de Santana/BA"",""44054-594"""
"Rua Augusto Lima,""Asa Branca "",""Feira de Santana/BA"",""44044-294"""
"Rua Augusto Severo,""Asa Branca "",""Feira de Santana/BA"",""44044-284"""
"Rua Auriflama,""Mangabeira "",""Feira de Santana/BA"",""44056-688"""
"Rua Aurilândia,""Mangabeira "",""Feira de Santana/BA"",""44056-700"""
"Rua Avaré,""Asa Branca "",""Feira de Santana/BA"",""44044-269"""
"Rua Axixá,""Asa Branca "",""Feira de Santana/BA"",""44044-264"""
"Rua B (Cj Renascer),""Parque Ipé "",""Feira de Santana/BA"",""44054-512"""
"Rua B (Feira IX),""Calumbi "",""Feira de Santana/BA"",""44009-068"""
"Rua B (Lot Jd das Oliveiras),""Pedra Ferrada "",""Feira de Santana/BA"",""44038-432"""
"Rua B (Lot Tangará),""Gabriela "",""Feira de Santana/BA"",""44030-102"""
"Rua Bacelar de Castro - lado par,""Chácara São Cosme "",""Feira de Santana/BA"",""44004-000"""
"Rua Bahia,""Asa Branca "",""Feira de Santana/BA"",""44044-304"""
"Rua Bambu,""Santo Antônio dos Prazeres "",""Feira de Santana/BA"",""44071-560"""
"Rua Banabuiú,""Mangabeira "",""Feira de Santana/BA"",""44056-392"""
"Rua BANEB,""CIS "",""Feira de Santana/BA"",""44010-820"""
"Rua Baráo de Cotegipe - de 1761/1762 ao fim,""Queimadinha "",""Feira de Santana/BA"",""44050-012"""
"Rua Beiquimáo,""Asa Branca "",""Feira de Santana/BA"",""44044-209"""
"Rua Beira Mar,""Santo Antônio dos Prazeres "",""Feira de Santana/BA"",""44071-444"""
"Rua Belém,""Centro "",""Feira de Santana/BA"",""44002-700"""
"Rua Belenense,""Parque Ipé "",""Feira de Santana/BA"",""44054-754"""
"Rua Bernardo Torres Coelho,""35º BI "",""Feira de Santana/BA"",""44094-730"""
"Rua Bitânia,""Mangabeira "",""Feira de Santana/BA"",""44056-788"""
"Rua Blumenau,""Asa Branca "",""Feira de Santana/BA"",""44044-204"""
"Rua Boa Esperança,""Aviário "",""Feira de Santana/BA"",""44096-614"""
"Rua Boa Esperança,""Serraria Brasil "",""Feira de Santana/BA"",""44003-390"""
"Rua Boa Vista,""Centro "",""Feira de Santana/BA"",""44002-678"""
"Rua Bogotá,""Asa Branca "",""Feira de Santana/BA"",""44044-184"""
"Rua Boituba,""Brasília "",""Feira de Santana/BA"",""44088-534"""
"Rua Boituva,""Brasília "",""Feira de Santana/BA"",""44088-528"""
"Rua Bom Despacho,""Mangabeira "",""Feira de Santana/BA"",""44056-708"""
"Rua Bom Jesus,""Mangabeira "",""Feira de Santana/BA"",""44056-706"""
"Rua Bom Retiro,""Mangabeira "",""Feira de Santana/BA"",""44056-710"""
"Rua Bondade,""Mangabeira "",""Feira de Santana/BA"",""44057-010"""
"Rua Bonfinópolis,""Mangabeira "",""Feira de Santana/BA"",""44056-702"""
"Rua Borrazópolis,""Mangabeira "",""Feira de Santana/BA"",""44056-692"""
"Rua Bossoroca,""Brasília "",""Feira de Santana/BA"",""44088-540"""
"Rua Botelhos,""Brasília "",""Feira de Santana/BA"",""44088-516"""
"Rua Braço Forte,""Asa Branca "",""Feira de Santana/BA"",""44046-800"""
"Rua Bragança,""Brasília "",""Feira de Santana/BA"",""44088-522"""
"Rua Brasilândia,""Mangabeira "",""Feira de Santana/BA"",""44056-696"""
"Rua Brasília,""Campo Limpo "",""Feira de Santana/BA"",""44032-052"""
"Rua Braúna,""Calumbi "",""Feira de Santana/BA"",""44009-746"""
"Rua C (Cj Renascer),""Parque Ipé "",""Feira de Santana/BA"",""44054-514"""
"Rua C (Cj W Falcão),""Queimadinha "",""Feira de Santana/BA"",""44050-204"""
"Rua C (Feira IX),""Calumbi "",""Feira de Santana/BA"",""44009-096"""
"Rua C (Lot Jd das Oliveiras),""Pedra Ferrada "",""Feira de Santana/BA"",""44038-428"""
"Rua C (Lot Tangará),""Gabriela "",""Feira de Santana/BA"",""44030-075"""
"Rua Cabuçu,""Centro "",""Feira de Santana/BA"",""44002-788"""
"Rua Cachoeira de Goiás,""Aviário "",""Feira de Santana/BA"",""44095-106"""
"Rua Cachoeira do Mato,""Aviário "",""Feira de Santana/BA"",""44095-112"""
"Rua Cachoeira do Sol,""Aviário "",""Feira de Santana/BA"",""44095-118"""
"Rua Cachoeira Paulista,""Aviário "",""Feira de Santana/BA"",""44095-094"""
"Rua Cachoeirinha,""Aviário "",""Feira de Santana/BA"",""44095-036"""
"Rua Cadete do Rítimo,""Centro "",""Feira de Santana/BA"",""44002-834"""
"Rua Cafarnaum,""Mangabeira "",""Feira de Santana/BA"",""44056-419"""
"Rua Cairu,""Serraria Brasil "",""Feira de Santana/BA"",""44003-264"""
"Rua Camamu,""Mangabeira "",""Feira de Santana/BA"",""44056-316"""
"Rua Camaratuba,""Mangabeira "",""Feira de Santana/BA"",""44056-334"""
"Rua Campinorte,""Mangabeira "",""Feira de Santana/BA"",""44056-320"""
"Rua Campo Florido,""Serraria Brasil "",""Feira de Santana/BA"",""44003-366"""
"Rua Campo Grande,""Centro "",""Feira de Santana/BA"",""44002-676"""
"Rua Campo Grande - de 456/457 ao fim,""Parque Ipé "",""Feira de Santana/BA"",""44054-556"""
"Rua Canaá,""Campo Limpo "",""Feira de Santana/BA"",""44032-022"""
"Rua Canavieiras,""Chácara São Cosme "",""Feira de Santana/BA"",""44004-080"""
"Rua Caraíbas - lado par,""Gabriela "",""Feira de Santana/BA"",""44030-545"""
"Rua Caravelas,""Chácara São Cosme "",""Feira de Santana/BA"",""44004-128"""
"Rua Caridade,""Mangabeira "",""Feira de Santana/BA"",""44057-002"""
"Rua Carlos Chagas,""Olhos D'água "",""Feira de Santana/BA"",""44003-646"""
"Rua Carlos Valadares - de 226 a 606 - lado par,""Queimadinha "",""Feira de Santana/BA"",""44050-006"""
"Rua Carlos Valadares - de 608 a 984 - lado par,""Queimadinha "",""Feira de Santana/BA"",""44050-084"""
"Rua Carlos Valadares - de 986 ao fim - lado par,""Queimadinha "",""Feira de Santana/BA"",""44050-192"""
"Rua Carralho,""Santo Antônio dos Prazeres "",""Feira de Santana/BA"",""44071-510"""
"Rua Casteláo,""Parque Ipé "",""Feira de Santana/BA"",""44054-544"""
"Rua Castro Alves - até 534 - lado par,""Serraria Brasil "",""Feira de Santana/BA"",""44003-198"""
"Rua Castro Alves - até 541 - lado ímpar,""Serraria Brasil "",""Feira de Santana/BA"",""44003-201"""
"Rua Catolé da Rocha,""Santo Antônio dos Prazeres "",""Feira de Santana/BA"",""44071-520"""
"Rua Catorze (Cj L E Magalhães),""Brasília "",""Feira de Santana/BA"",""44089-418"""
"Rua Caturama,""Santo Antônio dos Prazeres "",""Feira de Santana/BA"",""44071-704"""
"Rua Caurama,""Santo Antônio dos Prazeres "",""Feira de Santana/BA"",""44071-530"""
"Rua Cecílio Moreira Diogo,""Mangabeira "",""Feira de Santana/BA"",""44056-804"""
"Rua Cerqueira,""Santo Antônio dos Prazeres "",""Feira de Santana/BA"",""44071-772"""
"Rua Cerquilho,""Santo Antônio dos Prazeres "",""Feira de Santana/BA"",""44071-768"""
"Rua Cerro Azul,""Santo Antônio dos Prazeres "",""Feira de Santana/BA"",""44071-760"""
"Rua Cerro Corá,""Santo Antônio dos Prazeres "",""Feira de Santana/BA"",""44071-764"""
"Rua Cerro largo,""Santo Antônio dos Prazeres "",""Feira de Santana/BA"",""44071-756"""
"Rua César Dutra Nogueira,""Brasília "",""Feira de Santana/BA"",""44088-546"""
"Rua Chana,""Santo Antônio dos Prazeres "",""Feira de Santana/BA"",""44071-744"""
"Rua Charleton,""Santo Antônio dos Prazeres "",""Feira de Santana/BA"",""44071-752"""
"Rua Cícero Dantas,""Ponto Central "",""Feira de Santana/BA"",""44075-105"""
"Rua Cinco (Cj L E Magalhães),""Brasília "",""Feira de Santana/BA"",""44089-364"""
"Rua Circular,""Gabriela "",""Feira de Santana/BA"",""44028-496"""
"Rua Cláudio Manoel da Costa,""Ponto Central "",""Feira de Santana/BA"",""44075-125"""
"Rua Cohim,""Queimadinha "",""Feira de Santana/BA"",""44050-122"""
"Rua Colbert Martins,""Aviário "",""Feira de Santana/BA"",""44096-662"""
"Rua Colinas,""Mangabeira "",""Feira de Santana/BA"",""44056-332"""
"Rua Comandante Almiro - de 1437/1438 ao fim,""Serraria Brasil "",""Feira de Santana/BA"",""44003-276"""
"Rua Cônego Cupertino de Lacerda - até 898/899,""Serraria Brasil "",""Feira de Santana/BA"",""44003-210"""
"Rua Cordeirópolis,""Mangabeira "",""Feira de Santana/BA"",""44056-340"""
"Rua Coromandel,""Brasília "",""Feira de Santana/BA"",""44088-558"""
"Rua Coronel Ezequiel,""Brasília "",""Feira de Santana/BA"",""44088-588"""
"Rua Coronel Fabriciano,""Brasília "",""Feira de Santana/BA"",""44088-572"""
"Rua Coronel Murta,""Brasília "",""Feira de Santana/BA"",""44088-570"""
"Rua Coronel Ponce,""Brasília "",""Feira de Santana/BA"",""44088-504"""
"Rua Coronel Procõpio,""Brasília "",""Feira de Santana/BA"",""44088-564"""
"Rua Coronel Vívidas,""Brasília "",""Feira de Santana/BA"",""44088-498"""
"Rua Correia Pinto,""Brasília "",""Feira de Santana/BA"",""44088-582"""
"Rua Correia Pinto,""Mangabeira "",""Feira de Santana/BA"",""44056-328"""
"Rua Corrente de Ouro,""Brasília "",""Feira de Santana/BA"",""44088-576"""
"Rua Cosmopolita,""Pampalona "",""Feira de Santana/BA"",""44031-005"""
"Rua Cosmorama,""Mangabeira "",""Feira de Santana/BA"",""44056-680"""
"Rua Cristianópolis,""Gabriela "",""Feira de Santana/BA"",""44028-411"""
"Rua Cruzeiro do Sul,""Pampalona "",""Feira de Santana/BA"",""44031-415"""
"Rua Cuiabá,""Campo Limpo "",""Feira de Santana/BA"",""44032-062"""
"Rua Cuiabá,""Centro "",""Feira de Santana/BA"",""44002-684"""
"Rua Curitiba - de 330/331 ao fim,""Parque Ipé "",""Feira de Santana/BA"",""44054-578"""
"Rua Curralinho,""Mangabeira "",""Feira de Santana/BA"",""44056-362"""
"Rua Curuçambaba,""Santo Antônio dos Prazeres "",""Feira de Santana/BA"",""44072-688"""
"Rua D (Cj Renascer),""Parque Ipé "",""Feira de Santana/BA"",""44054-516"""
"Rua D (Cj W Falcão),""Queimadinha "",""Feira de Santana/BA"",""44050-186"""
"Rua D (Feira IX),""Calumbi "",""Feira de Santana/BA"",""44009-100"""
"Rua D (Feira V),""Mangabeira "",""Feira de Santana/BA"",""44056-194"""
"Rua D (Lot Jd das Oliveiras),""Pedra Ferrada "",""Feira de Santana/BA"",""44038-420"""
"Rua D (Lot Tangará),""Gabriela "",""Feira de Santana/BA"",""44030-055"""
"Rua da Aclamaçáo,""Parque Ipé "",""Feira de Santana/BA"",""44054-738"""
"Rua da Alegria,""Aviário "",""Feira de Santana/BA"",""44096-656"""
"Rua da APAE,""Centro "",""Feira de Santana/BA"",""44002-636"""
"Rua da Concõrdia,""Queimadinha "",""Feira de Santana/BA"",""44050-132"""
"Rua da Conquista,""Asa Branca "",""Feira de Santana/BA"",""44044-261"""
"Rua da Maravilha,""Santo Antônio dos Prazeres "",""Feira de Santana/BA"",""44071-712"""
"Rua da Misericõrdia,""Centro "",""Feira de Santana/BA"",""44002-780"""
"Rua da Palma,""Gabriela "",""Feira de Santana/BA"",""44030-722"""
"Rua da Paz,""Campo do Gado Novo "",""Feira de Santana/BA"",""44042-529"""
"Rua da Paz,""Gabriela "",""Feira de Santana/BA"",""44028-399"""
"Rua da Prata,""Brasília "",""Feira de Santana/BA"",""44088-624"""
"Rua da Saudade,""Serraria Brasil "",""Feira de Santana/BA"",""44003-252"""
"Rua da Viagem,""Campo do Gado Novo "",""Feira de Santana/BA"",""44042-564"""
"Rua da Vitória,""Ponto Central "",""Feira de Santana/BA"",""44075-055"""
"Rua das Américas,""Chácara São Cosme "",""Feira de Santana/BA"",""44004-152"""
"Rua das Angélicas,""Aviário "",""Feira de Santana/BA"",""44096-584"""
"Rua das árvores,""Asa Branca "",""Feira de Santana/BA"",""44044-257"""
"Rua das Espadas,""Aviário "",""Feira de Santana/BA"",""44096-602"""
"Rua das Jazidas,""Brasília "",""Feira de Santana/BA"",""44088-654"""
"Rua das Mangabeiras,""Calumbi "",""Feira de Santana/BA"",""44009-778"""
"Rua das Mangueiras,""Calumbi "",""Feira de Santana/BA"",""44009-766"""
"Rua das Palmeiras,""Parque Ipé "",""Feira de Santana/BA"",""44054-550"""
"Rua das Palmeiras,""Ponto Central "",""Feira de Santana/BA"",""44075-235"""
"Rua das Pombas,""Queimadinha "",""Feira de Santana/BA"",""44050-114"""
"Rua Deputado Wilson Lins,""Chácara São Cosme "",""Feira de Santana/BA"",""44004-136"""
"Rua Desembargador Felinto Bastos - de 383 ao fim - lado ímpar,""Centro "",""Feira de Santana/BA"",""44002-753"""
"Rua Desembargador Felinto Bastos - de 530 ao fim - lado par,""Centro "",""Feira de Santana/BA"",""44002-748"""
"Rua Desenbanco,""CIS "",""Feira de Santana/BA"",""44010-635"""
"Rua Dez (Cj L E Magalhães),""Brasília "",""Feira de Santana/BA"",""44089-400"""
"Rua Dezesseis (Cj L E Magalhães),""Brasília "",""Feira de Santana/BA"",""44089-430"""
"Rua Dimas Simões,""Centro "",""Feira de Santana/BA"",""44002-708"""
"Rua Divaldo Pereira Franco,""Queimadinha "",""Feira de Santana/BA"",""44050-138"""
"Rua Djanira,""Santo Antônio dos Prazeres "",""Feira de Santana/BA"",""44071-739"""
"Rua do Altos,""Santo Antônio dos Prazeres "",""Feira de Santana/BA"",""44072-750"""
"Rua do Buri,""Pedra Ferrada "",""Feira de Santana/BA"",""44038-492"""
"Rua do Planolar,""Limoeiro "",""Feira de Santana/BA"",""44097-092"""
"Rua do Tesouro,""Pampalona "",""Feira de Santana/BA"",""44031-495"""
"Rua Dois (Cj L E Magalhães),""Brasília "",""Feira de Santana/BA"",""44089-382"""
"Rua Dois Irmáos,""Asa Branca "",""Feira de Santana/BA"",""44044-224"""
"Rua Domingos Barbosa de Araújo - de 956/957 ao fim,""Ponto Central "",""Feira de Santana/BA"",""44075-095"""
"Rua dos Alecrins,""Aviário "",""Feira de Santana/BA"",""44096-572"""
"Rua dos Encantos,""Santo Antônio dos Prazeres "",""Feira de Santana/BA"",""44071-600"""
"Rua dos Engenho,""Santo Antônio dos Prazeres "",""Feira de Santana/BA"",""44071-540"""
"Rua dos Operários,""CIS "",""Feira de Santana/BA"",""44010-655"""
"Rua dos Pinheiros,""Chácara São Cosme "",""Feira de Santana/BA"",""44004-112"""
"Rua Doutor Anteval,""Calumbi "",""Feira de Santana/BA"",""44009-070"""
"Rua Doutor Araújo Pinho - até 629/630,""Olhos D'água "",""Feira de Santana/BA"",""44003-658"""
"Rua Doutor Evandro Cardoso,""Tomba "",""Feira de Santana/BA"",""44090-048"""
"Rua Doutor Geraldo Leite - até 599/600,""Serraria Brasil "",""Feira de Santana/BA"",""44003-306"""
"Rua Doutor João Evangelista - lado ímpar,""Centro "",""Feira de Santana/BA"",""44002-865"""
"Rua Doutor João Mangabeira - até 246/247,""Serraria Brasil "",""Feira de Santana/BA"",""44003-192"""
"Rua Doutor Macário Cerqueira,""Chácara São Cosme "",""Feira de Santana/BA"",""44004-205"""
"Rua Doutor Olímpio Vital Constant - lado ímpar,""Centro "",""Feira de Santana/BA"",""44002-625"""
"Rua Doutor Sabino Silva - de 823/824 ao fim,""Ponto Central "",""Feira de Santana/BA"",""44075-085"""
"Rua Doutor Simões Filho,""Ponto Central "",""Feira de Santana/BA"",""44075-165"""
"Rua Doutor Vicente dos Reis,""Mangabeira "",""Feira de Santana/BA"",""44056-608"""
"Rua Doze (Cj L E Magalhães),""Brasília "",""Feira de Santana/BA"",""44089-406"""
"Rua Doze (Lot Amaralina),""Gabriela "",""Feira de Santana/BA"",""44028-454"""
"Rua Duque de Caxias,""Olhos D'água "",""Feira de Santana/BA"",""44003-682"""
"Rua E (Cj L E Magalhães),""Brasília "",""Feira de Santana/BA"",""44089-394"""
"Rua E (Cj Renascer),""Parque Ipé "",""Feira de Santana/BA"",""44054-518"""
"Rua E (Lot Jd das Oliveiras),""Pedra Ferrada "",""Feira de Santana/BA"",""44038-424"""
"Rua Edgard de Carvalho,""Campo Limpo "",""Feira de Santana/BA"",""44032-001"""
"Rua Edgard de Carvalho,""Pampalona "",""Feira de Santana/BA"",""44031-635"""
"Rua Eduardo Spínola,""Queimadinha "",""Feira de Santana/BA"",""44050-032"""
"Rua Egito,""Santo Antônio dos Prazeres "",""Feira de Santana/BA"",""44071-660"""
"Rua El Salvador,""Aviário "",""Feira de Santana/BA"",""44095-006"""
"Rua Eldorado,""Santo Antônio dos Prazeres "",""Feira de Santana/BA"",""44071-732"""
"Rua Elesbão Veloso,""Santo Antônio dos Prazeres "",""Feira de Santana/BA"",""44071-590"""
"Rua Eliana Dantas,""Queimadinha "",""Feira de Santana/BA"",""44050-216"""
"Rua Elizeu Martins,""Santo Antônio dos Prazeres "",""Feira de Santana/BA"",""44071-580"""
"Rua Eloi Mendes,""Santo Antônio dos Prazeres "",""Feira de Santana/BA"",""44071-570"""
"Rua Epiphanio da Silva Freitas,""35º BI "",""Feira de Santana/BA"",""44094-734"""
"Rua Epitácio Pessoa,""Serraria Brasil "",""Feira de Santana/BA"",""44003-204"""
"Rua Erebanco,""Santo Antônio dos Prazeres "",""Feira de Santana/BA"",""44071-738"""
"Rua Erick Carvalho,""Asa Branca "",""Feira de Santana/BA"",""44044-351"""
"Rua Ervânia,""Santo Antônio dos Prazeres "",""Feira de Santana/BA"",""44071-736"""
"Rua Escrava Isaura,""Gabriela "",""Feira de Santana/BA"",""44028-396"""
"Rua Esperança,""Asa Branca "",""Feira de Santana/BA"",""44044-314"""
"Rua Espinosa,""Campo Limpo "",""Feira de Santana/BA"",""44032-004"""
"Rua Estalo,""Mangabeira "",""Feira de Santana/BA"",""44056-634"""
"Rua Esther Freitas,""Olhos D'água "",""Feira de Santana/BA"",""44003-694"""
"Rua Estiva,""Santo Antônio dos Prazeres "",""Feira de Santana/BA"",""44071-740"""
"Rua Estreito,""Mangabeira "",""Feira de Santana/BA"",""44056-638"""
"Rua Estrela Dalva,""Aviário "",""Feira de Santana/BA"",""44095-100"""
"Rua Eunápolis,""Mangabeira "",""Feira de Santana/BA"",""44056-684"""
"Rua Eunápolis,""Pampalona "",""Feira de Santana/BA"",""44031-450"""
"Rua Evaporá,""Aviário "",""Feira de Santana/BA"",""44095-124"""
"Rua Everton Cerqueira,""Gabriela "",""Feira de Santana/BA"",""44028-538"""
"Rua Extrema,""Santo Antônio dos Prazeres "",""Feira de Santana/BA"",""44071-748"""
"Rua F (Cj Aviário),""Aviário "",""Feira de Santana/BA"",""44096-306"""
"Rua F (Cj Renascer),""Parque Ipé "",""Feira de Santana/BA"",""44054-520"""
"Rua F (Feira V),""Mangabeira "",""Feira de Santana/BA"",""44056-208"""
"Rua F (Jomafa),""Brasília "",""Feira de Santana/BA"",""44089-176"""
"Rua F (Lot Jd das Oliveiras),""Pedra Ferrada "",""Feira de Santana/BA"",""44038-416"""
"Rua Falcão,""Aviário "",""Feira de Santana/BA"",""44095-016"""
"Rua Farmacéutico José Alves,""Centro "",""Feira de Santana/BA"",""44002-844"""
"Rua Filhos do Sol,""Centro "",""Feira de Santana/BA"",""44002-704"""
"Rua Finlândia,""Ponto Central "",""Feira de Santana/BA"",""44075-181"""
"Rua Flor do Carnaval,""Centro "",""Feira de Santana/BA"",""44002-760"""
"Rua Flora Paulista,""Mangabeira "",""Feira de Santana/BA"",""44056-594"""
"Rua Flores da Cunha,""Mangabeira "",""Feira de Santana/BA"",""44056-604"""
"Rua Florestópolis,""Mangabeira "",""Feira de Santana/BA"",""44056-600"""
"Rua Flõrida Paulista,""Mangabeira "",""Feira de Santana/BA"",""44056-596"""
"Rua Fortaleza,""Centro "",""Feira de Santana/BA"",""44002-652"""
"Rua Francelino Matos,""Serraria Brasil "",""Feira de Santana/BA"",""44003-318"""
"Rua Frutal,""Gabriela "",""Feira de Santana/BA"",""44030-575"""
"Rua Frutal,""Serraria Brasil "",""Feira de Santana/BA"",""44003-354"""
"Rua G (Cj Aviário),""Aviário "",""Feira de Santana/BA"",""44096-312"""
"Rua G (Cj Renascer),""Parque Ipé "",""Feira de Santana/BA"",""44054-522"""
"Rua Gameleira,""Calumbi "",""Feira de Santana/BA"",""44009-758"""
"Rua Gavião,""Gabriela "",""Feira de Santana/BA"",""44030-675"""
"Rua Genésio Serafim de Lima,""Gabriela "",""Feira de Santana/BA"",""44028-526"""
"Rua Genildo,""Campo do Gado Novo "",""Feira de Santana/BA"",""44042-554"""
"Rua Girassol,""Tomba "",""Feira de Santana/BA"",""44090-032"""
"Rua Givaldo Ferrreira,""Aviário "",""Feira de Santana/BA"",""44095-000"""
"Rua Goiânia,""Campo Limpo "",""Feira de Santana/BA"",""44032-054"""
"Rua Grenal,""Parque Ipé "",""Feira de Santana/BA"",""44054-586"""
"Rua Guarupaba,""Gabriela "",""Feira de Santana/BA"",""44030-655"""
"Rua Gurupá,""Mangabeira "",""Feira de Santana/BA"",""44056-384"""
"Rua H (Cj J Paulo II),""Mangabeira "",""Feira de Santana/BA"",""44056-630"""
"Rua H (Cj Renascer),""Parque Ipé "",""Feira de Santana/BA"",""44054-524"""
"Rua Henrique Dias,""Olhos D'água "",""Feira de Santana/BA"",""44003-667"""
"Rua Humberto de Campos - de 242/243 ao fim,""Queimadinha "",""Feira de Santana/BA"",""44050-078"""
"Rua I,""Aviário "",""Feira de Santana/BA"",""44095-154"""
"Rua I (Cj Aviário),""Aviário "",""Feira de Santana/BA"",""44096-384"""
"Rua I (Cj J Paulo II),""Mangabeira "",""Feira de Santana/BA"",""44056-584"""
"Rua I (Cj Renascer),""Parque Ipé "",""Feira de Santana/BA"",""44054-526"""
"Rua I (Feira IX),""Calumbi "",""Feira de Santana/BA"",""44009-044"""
"Rua Ibirapuera,""Chácara São Cosme "",""Feira de Santana/BA"",""44004-032"""
"Rua Ibirapuera,""Santo Antônio dos Prazeres "",""Feira de Santana/BA"",""44071-726"""
"Rua Ibitiane,""Mangabeira "",""Feira de Santana/BA"",""44056-792"""
"Rua Ibititá,""Mangabeira "",""Feira de Santana/BA"",""44056-756"""
"Rua Ibituruna,""Asa Branca "",""Feira de Santana/BA"",""44044-214"""
"Rua Ibotira,""Mangabeira "",""Feira de Santana/BA"",""44056-752"""
"Rua Icaraí,""Mangabeira "",""Feira de Santana/BA"",""44056-746"""
"Rua Ieda Martins,""Gabriela "",""Feira de Santana/BA"",""44030-780"""
"Rua Igaporá,""Mangabeira "",""Feira de Santana/BA"",""44056-734"""
"Rua Iguaçu,""Campo Limpo "",""Feira de Santana/BA"",""44032-050"""
"Rua Iguaraci,""Mangabeira "",""Feira de Santana/BA"",""44056-742"""
"Rua Iguatama,""Mangabeira "",""Feira de Santana/BA"",""44056-740"""
"Rua Iguatu,""Mangabeira "",""Feira de Santana/BA"",""44056-738"""
"Rua Ilha do Governador,""Parque Ipé "",""Feira de Santana/BA"",""44054-650"""
"Rua Ilhéus,""Ponto Central "",""Feira de Santana/BA"",""44075-025"""
"Rua Imbaúba,""Calumbi "",""Feira de Santana/BA"",""44009-772"""
"Rua Índia,""Ponto Central "",""Feira de Santana/BA"",""44075-169"""
"Rua Intendente Abdon - até 1190/1191,""Queimadinha "",""Feira de Santana/BA"",""44050-024"""
"Rua Ipé,""Calumbi "",""Feira de Santana/BA"",""44009-748"""
"Rua Ipirá,""Centro "",""Feira de Santana/BA"",""44002-836"""
"Rua Irene Maria de Santana,""35º BI "",""Feira de Santana/BA"",""44094-714"""
"Rua Íris,""Tomba "",""Feira de Santana/BA"",""44090-028"""
"Rua Isaac,""Asa Branca "",""Feira de Santana/BA"",""44046-514"""
"Rua Itacuruçá,""Santo Antônio dos Prazeres "",""Feira de Santana/BA"",""44071-430"""
"Rua Itajubá,""Queimadinha "",""Feira de Santana/BA"",""44050-168"""
"Rua Itanaba,""Santo Antônio dos Prazeres "",""Feira de Santana/BA"",""44071-420"""
"Rua Itapemirim,""Campo Limpo "",""Feira de Santana/BA"",""44032-012"""
"Rua Itapetingui,""Serraria Brasil "",""Feira de Santana/BA"",""44003-350"""
"Rua Itaquatiara,""Santo Antônio dos Prazeres "",""Feira de Santana/BA"",""44071-436"""
"Rua J (Cj Aviário),""Aviário "",""Feira de Santana/BA"",""44096-360"""
"Rua J (Cj Renascer),""Parque Ipé "",""Feira de Santana/BA"",""44054-528"""
"Rua Jacarandá,""Calumbi "",""Feira de Santana/BA"",""44009-754"""
"Rua Jacõ,""Asa Branca "",""Feira de Santana/BA"",""44046-512"""
"Rua Jandaia - até 508/509,""Parque Ipé "",""Feira de Santana/BA"",""44054-626"""
"Rua Jandaia - de 510/511 ao fim,""Parque Ipé "",""Feira de Santana/BA"",""44054-548"""
"Rua Jaqueira,""Calumbi "",""Feira de Santana/BA"",""44009-776"""
"Rua Jardim Japáo,""Pampalona "",""Feira de Santana/BA"",""44031-455"""
"Rua Jardim Recreio,""Limoeiro "",""Feira de Santana/BA"",""44097-098"""
"Rua Jean Bárbara,""Mangabeira "",""Feira de Santana/BA"",""44056-800"""
"Rua Jerusalém,""Aviário "",""Feira de Santana/BA"",""44095-148"""
"Rua João Batista,""Aviário "",""Feira de Santana/BA"",""44096-640"""
"Rua João Batista Cerqueira,""Gabriela "",""Feira de Santana/BA"",""44028-550"""
"Rua João Mangabeira,""Mangabeira "",""Feira de Santana/BA"",""44056-390"""
"Rua Joaquim Nabuco,""Ponto Central "",""Feira de Santana/BA"",""44075-205"""
"Rua Jonas Lírio,""Aviário "",""Feira de Santana/BA"",""44096-674"""
"Rua José Adorno,""Asa Branca "",""Feira de Santana/BA"",""44044-219"""
"Rua José Américo,""Santo Antônio dos Prazeres "",""Feira de Santana/BA"",""44071-460"""
"Rua José Bonifácio,""Chácara São Cosme "",""Feira de Santana/BA"",""44004-184"""
"Rua José Bonifácio - de 773/774 ao fim,""Ponto Central "",""Feira de Santana/BA"",""44075-225"""
"Rua José Carlos de Carvalho,""Serraria Brasil "",""Feira de Santana/BA"",""44003-270"""
"Rua José de Alencar,""Chácara São Cosme "",""Feira de Santana/BA"",""44004-192"""
"Rua José de Araújo Diogo,""Mangabeira "",""Feira de Santana/BA"",""44056-808"""
"Rua José Ferreira Filho,""35º BI "",""Feira de Santana/BA"",""44094-784"""
"Rua José Ferreira Néri,""Gabriela "",""Feira de Santana/BA"",""44028-529"""
"Rua José Joviniano Santana,""Gabriela "",""Feira de Santana/BA"",""44028-511"""
"Rua José Machado,""Gabriela "",""Feira de Santana/BA"",""44028-487"""
"Rua José Machado,""Mangabeira "",""Feira de Santana/BA"",""44056-408"""
"Rua José Martins Vitõrio,""Gabriela "",""Feira de Santana/BA"",""44028-520"""
"Rua José Moreira Dias,""Gabriela "",""Feira de Santana/BA"",""44028-535"""
"Rua Joseane,""Queimadinha "",""Feira de Santana/BA"",""44050-156"""
"Rua Joselito Amorim,""Mangabeira "",""Feira de Santana/BA"",""44056-308"""
"Rua Juracy Magalhães - de 560/561 ao fim,""Ponto Central "",""Feira de Santana/BA"",""44075-115"""
"Rua Juscelino Kubitschek,""Campo do Gado Novo "",""Feira de Santana/BA"",""44042-574"""
"Rua Juvelino Carneiro,""Chácara São Cosme "",""Feira de Santana/BA"",""44004-024"""
"Rua L (Cj Aviário),""Aviário "",""Feira de Santana/BA"",""44096-402"""
"Rua L (Cj Renascer),""Parque Ipé "",""Feira de Santana/BA"",""44054-530"""
"Rua Laranjeiras,""Santo Antônio dos Prazeres "",""Feira de Santana/BA"",""44071-440"""
"Rua Leandro,""Santo Antônio dos Prazeres "",""Feira de Santana/BA"",""44071-550"""
"Rua Leolinda Bacelar Lima - de 677/678 ao fim,""Ponto Central "",""Feira de Santana/BA"",""44075-075"""
"Rua Lício Falcão Azevedo,""35º BI "",""Feira de Santana/BA"",""44094-718"""
"Rua Lima Pereira,""Asa Branca "",""Feira de Santana/BA"",""44044-169"""
"Rua Londrina,""Parque Ipé "",""Feira de Santana/BA"",""44054-540"""
"Rua Luciano Ribeiro,""Parque Ipé "",""Feira de Santana/BA"",""44054-642"""
"Rua Luiz Portugal,""Aviário "",""Feira de Santana/BA"",""44095-032"""
"Rua Luiz Sevilha,""Gabriela "",""Feira de Santana/BA"",""44030-755"""
"Rua L-1 (Cj Aviário),""Aviário "",""Feira de Santana/BA"",""44096-404"""
"Rua M (Cj Aviário),""Aviário "",""Feira de Santana/BA"",""44096-420"""
"Rua M (Lot Amaralina),""Gabriela "",""Feira de Santana/BA"",""44028-381"""
"Rua M (Lot Prq N América),""35º BI "",""Feira de Santana/BA"",""44094-788"""
"Rua Macapá,""Centro "",""Feira de Santana/BA"",""44002-656"""
"Rua Maceiõ,""Centro "",""Feira de Santana/BA"",""44002-600"""
"Rua Maceiõ,""Serraria Brasil "",""Feira de Santana/BA"",""44003-213"""
"Rua Machacalis,""Asa Branca "",""Feira de Santana/BA"",""44044-450"""
"Rua Machado de Assis,""Serraria Brasil "",""Feira de Santana/BA"",""44003-228"""
"Rua Madre de Deus,""Aviário "",""Feira de Santana/BA"",""44095-038"""
"Rua Maeve Lima Carvalho,""Campo do Gado Novo "",""Feira de Santana/BA"",""44042-524"""
"Rua Magali,""Tomba "",""Feira de Santana/BA"",""44090-044"""
"Rua Magé,""Asa Branca "",""Feira de Santana/BA"",""44044-460"""
"Rua Manaus,""Centro "",""Feira de Santana/BA"",""44002-680"""
"Rua Mangueira,""Calumbi "",""Feira de Santana/BA"",""44009-764"""
"Rua Manoel Matias de Azevedo,""Centro "",""Feira de Santana/BA"",""44002-616"""
"Rua Manoel Suzart,""Campo do Gado Novo "",""Feira de Santana/BA"",""44042-544"""
"Rua Manoel Timõteo dos Santos,""Olhos D'água "",""Feira de Santana/BA"",""44003-664"""
"Rua Mapuera,""Mangabeira "",""Feira de Santana/BA"",""44056-386"""
"Rua Maracani,""Asa Branca "",""Feira de Santana/BA"",""44044-440"""
"Rua Marapanim,""Asa Branca "",""Feira de Santana/BA"",""44044-445"""
"Rua Maraú,""Santo Antônio dos Prazeres "",""Feira de Santana/BA"",""44071-716"""
"Rua Marcos Aurélio,""Queimadinha "",""Feira de Santana/BA"",""44050-144"""
"Rua Maria Barbosa Mendes,""Calumbi "",""Feira de Santana/BA"",""44009-016"""
"Rua Mariápolis,""Asa Branca "",""Feira de Santana/BA"",""44044-455"""
"Rua Maringá,""Parque Ipé "",""Feira de Santana/BA"",""44054-602"""
"Rua Marivalda,""Santo Antônio dos Prazeres "",""Feira de Santana/BA"",""44071-720"""
"Rua Martinópolis,""Santo Antônio dos Prazeres "",""Feira de Santana/BA"",""44071-722"""
"Rua Maruim,""Parque Ipé "",""Feira de Santana/BA"",""44054-690"""
"Rua Mazagão,""Mangabeira "",""Feira de Santana/BA"",""44056-380"""
"Rua Mem de Sá,""Chácara São Cosme "",""Feira de Santana/BA"",""44004-160"""
"Rua Miláo - de 527/528 ao fim,""Brasília "",""Feira de Santana/BA"",""44088-612"""
"Rua Milton Ramos,""Asa Branca "",""Feira de Santana/BA"",""44044-435"""
"Rua Milton Rios,""Asa Branca "",""Feira de Santana/BA"",""44044-442"""
"Rua Mimoso,""Aviário "",""Feira de Santana/BA"",""44095-010"""
"Rua Miosõtis,""Asa Branca "",""Feira de Santana/BA"",""44044-199"""
"Rua Miranda,""Mangabeira "",""Feira de Santana/BA"",""44056-300"""
"Rua Moisés,""Aviário "",""Feira de Santana/BA"",""44095-024"""
"Rua Monsenhor Aderbal Miranda - até 573/574,""Serraria Brasil "",""Feira de Santana/BA"",""44003-294"""
"Rua Monteiro,""Pampalona "",""Feira de Santana/BA"",""44031-445"""
"Rua Monteiro Lobato,""Pampalona "",""Feira de Santana/BA"",""44031-552"""
"Rua Montezuma,""Ponto Central "",""Feira de Santana/BA"",""44075-015"""
"Rua Muriaé,""Serraria Brasil "",""Feira de Santana/BA"",""44003-360"""
"Rua N (Cj Aviário),""Aviário "",""Feira de Santana/BA"",""44096-426"""
"Rua N (Cj Renascer),""Parque Ipé "",""Feira de Santana/BA"",""44054-532"""
"Rua N (Lot Prq N América),""35º BI "",""Feira de Santana/BA"",""44094-782"""
"Rua N (Lot Tangará),""Gabriela "",""Feira de Santana/BA"",""44030-095"""
"Rua Nantes Bela Vieira,""Gabriela "",""Feira de Santana/BA"",""44028-556"""
"Rua Nossa Senhora Aparecida,""Aviário "",""Feira de Santana/BA"",""44096-692"""
"Rua Nossa Senhora da Paz,""Aviário "",""Feira de Santana/BA"",""44096-704"""
"Rua Nossos Amigos Bandeirantes,""Aviário "",""Feira de Santana/BA"",""44095-044"""
"Rua Nova Esperança,""Aviário "",""Feira de Santana/BA"",""44096-680"""
"Rua O (Cj Aviário),""Aviário "",""Feira de Santana/BA"",""44096-414"""
"Rua O (Cj Renascer),""Parque Ipé "",""Feira de Santana/BA"",""44054-534"""
"Rua O (Lot Tangará),""Gabriela "",""Feira de Santana/BA"",""44030-085"""
"Rua Odilon Figueiredo Mascarenhas,""Pampalona "",""Feira de Santana/BA"",""44031-600"""
"Rua Oité,""Calumbi "",""Feira de Santana/BA"",""44009-756"""
"Rua Oito (Cj L E Magalhães),""Brasília "",""Feira de Santana/BA"",""44089-346"""
"Rua Olinda,""Serraria Brasil "",""Feira de Santana/BA"",""44003-258"""
"Rua Olivença,""Mangabeira "",""Feira de Santana/BA"",""44056-364"""
"Rua Ondina,""Serraria Brasil "",""Feira de Santana/BA"",""44003-380"""
"Rua Opala,""Brasília "",""Feira de Santana/BA"",""44088-630"""
"Rua Oriximiná,""Mangabeira "",""Feira de Santana/BA"",""44056-344"""
"Rua Orlando Mascarenhas,""Pampalona "",""Feira de Santana/BA"",""44031-555"""
"Rua Osmário Silva Pena,""Gabriela "",""Feira de Santana/BA"",""44028-517"""
"Rua Osvaldo de Abreu Boaventura,""35º BI "",""Feira de Santana/BA"",""44094-776"""
"Rua Otoniel Carneiro,""Chácara São Cosme "",""Feira de Santana/BA"",""44004-016"""
"Rua Ouro Preto,""Chácara São Cosme "",""Feira de Santana/BA"",""44004-176"""
"Rua P (Cj Aviário),""Aviário "",""Feira de Santana/BA"",""44096-366"""
"Rua P (Cj Renascer),""Parque Ipé "",""Feira de Santana/BA"",""44054-536"""
"Rua Padilha,""Queimadinha "",""Feira de Santana/BA"",""44050-134"""
"Rua Palestina,""Mangabeira "",""Feira de Santana/BA"",""44056-336"""
"Rua Palma,""Centro "",""Feira de Santana/BA"",""44002-672"""
"Rua Pampáo,""Pedra Ferrada "",""Feira de Santana/BA"",""44038-380"""
"Rua Pampeiro,""Pedra Ferrada "",""Feira de Santana/BA"",""44038-460"""
"Rua Pamponet,""Tomba "",""Feira de Santana/BA"",""44090-016"""
"Rua Panamérica,""Pampalona "",""Feira de Santana/BA"",""44031-435"""
"Rua Pandalha,""Queimadinha "",""Feira de Santana/BA"",""44050-102"""
"Rua Papa João XXIII - até 623 - lado ímpar,""Chácara São Cosme "",""Feira de Santana/BA"",""44004-005"""
"Rua Papa João XXIII - até 804 - lado par,""Olhos D'água "",""Feira de Santana/BA"",""44003-697"""
"Rua Papa João XXIII - de 806 a 1198 - lado par,""Olhos D'água "",""Feira de Santana/BA"",""44003-650"""
"Rua Pará,""Asa Branca "",""Feira de Santana/BA"",""44044-329"""
"Rua Paragominas,""Mangabeira "",""Feira de Santana/BA"",""44056-418"""
"Rua Paraibana (Lot N Morada),""Asa Branca "",""Feira de Santana/BA"",""44044-510"""
"Rua Paraíso,""Santo Antônio dos Prazeres "",""Feira de Santana/BA"",""44072-752"""
"Rua Paraíso do Norte (Lot N Morada),""Asa Branca "",""Feira de Santana/BA"",""44044-505"""
"Rua Parajuru,""Mangabeira "",""Feira de Santana/BA"",""44056-412"""
"Rua Paranacity,""Campo Limpo "",""Feira de Santana/BA"",""44032-048"""
"Rua Paranaguá,""Campo Limpo "",""Feira de Santana/BA"",""44032-034"""
"Rua Paranaguá,""Pedra Ferrada "",""Feira de Santana/BA"",""44038-384"""
"Rua Paranduva,""Mangabeira "",""Feira de Santana/BA"",""44056-416"""
"Rua Paraúna,""Campo Limpo "",""Feira de Santana/BA"",""44032-051"""
"Rua Parima,""Santo Antônio dos Prazeres "",""Feira de Santana/BA"",""44071-670"""
"Rua Parnaíba,""Campo Limpo "",""Feira de Santana/BA"",""44032-038"""
"Rua Parque Antártica,""Parque Ipé "",""Feira de Santana/BA"",""44054-682"""
"Rua Pau Brasil,""Calumbi "",""Feira de Santana/BA"",""44009-744"""
"Rua Pau Ferro,""Aviário "",""Feira de Santana/BA"",""44095-054"""
"Rua Pau Pombo,""Aviário "",""Feira de Santana/BA"",""44095-050"""
"Rua Pau Pombo,""35º BI "",""Feira de Santana/BA"",""44094-846"""
"Rua Paulo VI,""Queimadinha "",""Feira de Santana/BA"",""44050-162"""
"Rua Pedregulho,""Mangabeira "",""Feira de Santana/BA"",""44056-404"""
"Rua Pedro Suzart - até 328/329,""Serraria Brasil "",""Feira de Santana/BA"",""44003-342"""
"Rua Peixe,""Aviário "",""Feira de Santana/BA"",""44095-012"""
"Rua Peroba,""Calumbi "",""Feira de Santana/BA"",""44009-742"""
"Rua Pescador,""Serraria Brasil "",""Feira de Santana/BA"",""44003-372"""
"Rua Piacatu,""Pedra Ferrada "",""Feira de Santana/BA"",""44038-368"""
"Rua Pilar do Sul,""Brasília "",""Feira de Santana/BA"",""44088-606"""
"Rua Piranguinha (Lot N Morada),""Asa Branca "",""Feira de Santana/BA"",""44044-500"""
"Rua Pires,""Aviário "",""Feira de Santana/BA"",""44095-028"""
"Rua Pires do Rio (Lot N Morada),""Asa Branca "",""Feira de Santana/BA"",""44044-495"""
"Rua Pontagrossense,""Parque Ipé "",""Feira de Santana/BA"",""44054-614"""
"Rua Ponte Preta,""Parque Ipé "",""Feira de Santana/BA"",""44054-666"""
"Rua Portela,""Mangabeira "",""Feira de Santana/BA"",""44056-376"""
"Rua Portelândia,""Pedra Ferrada "",""Feira de Santana/BA"",""44038-440"""
"Rua Porto Afonso,""Pedra Ferrada "",""Feira de Santana/BA"",""44038-448"""
"Rua Porto Alegre,""Calumbi "",""Feira de Santana/BA"",""44009-054"""
"Rua Porto Amazonas,""Pedra Ferrada "",""Feira de Santana/BA"",""44038-452"""
"Rua Porto Artur,""Pedra Ferrada "",""Feira de Santana/BA"",""44038-456"""
"Rua Porto Belo,""Pedra Ferrada "",""Feira de Santana/BA"",""44038-484"""
"Rua Porto Brilhante,""Pedra Ferrada "",""Feira de Santana/BA"",""44038-480"""
"Rua Porto Calvo,""Pedra Ferrada "",""Feira de Santana/BA"",""44038-500"""
"Rua Porto Camargo,""Pedra Ferrada "",""Feira de Santana/BA"",""44038-508"""
"Rua Porto da Cruz,""Pedra Ferrada "",""Feira de Santana/BA"",""44038-376"""
"Rua Porto Vitória,""Pedra Ferrada "",""Feira de Santana/BA"",""44038-372"""
"Rua Portuguesa de Desportos - de 347/348 ao fim,""Parque Ipé "",""Feira de Santana/BA"",""44054-552"""
"Rua Primavera,""Campo Limpo "",""Feira de Santana/BA"",""44032-042"""
"Rua Professor Laudelino Pedreira,""35º BI "",""Feira de Santana/BA"",""44094-742"""
"Rua Professor Osvaldo Sales,""35º BI "",""Feira de Santana/BA"",""44094-746"""
"Rua Professora Alcina Dantas,""Queimadinha "",""Feira de Santana/BA"",""44050-182"""
"Rua Professora Maria da Glõria,""Gabriela "",""Feira de Santana/BA"",""44028-502"""
"Rua Professora Zulmira Daltro,""35º BI "",""Feira de Santana/BA"",""44094-710"""
"Rua Q (Cj Aviário),""Aviário "",""Feira de Santana/BA"",""44096-390"""
"Rua Quatorze (Cj Arco Íris),""Gabriela "",""Feira de Santana/BA"",""44028-523"""
"Rua Quatro (Cj L E Magalhães),""Brasília "",""Feira de Santana/BA"",""44089-370"""
"Rua Quintino Bocaiúva - de 335 ao fim - lado ímpar,""Ponto Central "",""Feira de Santana/BA"",""44075-002"""
"Rua Quinze (Cj L E Magalhães),""Brasília "",""Feira de Santana/BA"",""44089-424"""
"Rua Quito,""Santo Antônio dos Prazeres "",""Feira de Santana/BA"",""44071-680"""
"Rua R (Cj Aviário),""Aviário "",""Feira de Santana/BA"",""44096-318"""
"Rua R (Lot Tangará),""Gabriela "",""Feira de Santana/BA"",""44030-065"""
"Rua Rafaína,""Santo Antônio dos Prazeres "",""Feira de Santana/BA"",""44071-500"""
"Rua Raimundo Abreu,""Gabriela "",""Feira de Santana/BA"",""44028-490"""
"Rua Raimundo Almeida,""Gabriela "",""Feira de Santana/BA"",""44028-508"""
"Rua Raio do Sol,""Brasília "",""Feira de Santana/BA"",""44088-600"""
"Rua Reginaldo Muritiba do Lago,""Registro "",""Feira de Santana/BA"",""44073-010"""
"Rua Renascer (Lot N Morada),""Asa Branca "",""Feira de Santana/BA"",""44044-507"""
"Rua Retiro de São José,""Mangabeira "",""Feira de Santana/BA"",""44056-236"""
"Rua Riachuelo,""Aviário "",""Feira de Santana/BA"",""44095-042"""
"Rua Ribeiráo,""Santo Antônio dos Prazeres "",""Feira de Santana/BA"",""44071-480"""
"Rua Ribeirinho,""Santo Antônio dos Prazeres "",""Feira de Santana/BA"",""44071-470"""
"Rua Ribeiro Gonçalves,""Santo Antônio dos Prazeres "",""Feira de Santana/BA"",""44071-535"""
"Rua Rio Barra,""Brasília "",""Feira de Santana/BA"",""44088-462"""
"Rua Rio Branco,""Centro "",""Feira de Santana/BA"",""44002-668"""
"Rua Rio de Janeiro,""Asa Branca "",""Feira de Santana/BA"",""44044-358"""
"Rua Rio de Oliveira,""Brasília "",""Feira de Santana/BA"",""44088-421"""
"Rua Rio Duarte,""Brasília "",""Feira de Santana/BA"",""44088-418"""
"Rua Rio Grande,""Queimadinha "",""Feira de Santana/BA"",""44050-174"""
"Rua Rio Itapicuru,""Brasília "",""Feira de Santana/BA"",""44088-432"""
"Rua Rio Jacuípe,""Brasília "",""Feira de Santana/BA"",""44088-419"""
"Rua Rio Pajeú,""Brasília "",""Feira de Santana/BA"",""44088-426"""
"Rua Rio Paraguaçu,""Brasília "",""Feira de Santana/BA"",""44088-444"""
"Rua Rio Paraíso,""Brasília "",""Feira de Santana/BA"",""44088-422"""
"Rua Rio São Lourenço,""Brasília "",""Feira de Santana/BA"",""44088-474"""
"Rua Rio Suzart,""Brasília "",""Feira de Santana/BA"",""44088-420"""
"Rua Rio Tapajõs,""Brasília "",""Feira de Santana/BA"",""44088-438"""
"Rua Rio Tijuca,""Brasília "",""Feira de Santana/BA"",""44088-456"""
"Rua Ripa do Rio Pardo,""Santo Antônio dos Prazeres "",""Feira de Santana/BA"",""44071-490"""
"Rua Roberto Tourinho,""Gabriela "",""Feira de Santana/BA"",""44028-532"""
"Rua Rodeio,""Brasília "",""Feira de Santana/BA"",""44088-486"""
"Rua Rodolfo Valentim,""Parque Ipé "",""Feira de Santana/BA"",""44054-634"""
"Rua Roraima,""Centro "",""Feira de Santana/BA"",""44002-692"""
"Rua Roseane,""Gabriela "",""Feira de Santana/BA"",""44030-672"""
"Rua S (Cj Aviário),""Aviário "",""Feira de Santana/BA"",""44096-324"""
"Rua S (Lot Tangará),""Gabriela "",""Feira de Santana/BA"",""44030-062"""
"Rua Sálvio Magalhães,""Gabriela "",""Feira de Santana/BA"",""44028-499"""
"Rua Sambafo,""Pampalona "",""Feira de Santana/BA"",""44031-030"""
"Rua Santa Catarina,""Asa Branca "",""Feira de Santana/BA"",""44044-365"""
"Rua Santa Cecília,""Campo do Gado Novo "",""Feira de Santana/BA"",""44042-584"""
"Rua Santa Efigénia,""Gabriela "",""Feira de Santana/BA"",""44028-484"""
"Rua Santa Efigénia,""Mangabeira "",""Feira de Santana/BA"",""44056-400"""
"Rua Santa Eulália,""Gabriela "",""Feira de Santana/BA"",""44028-481"""
"Rua Santa Luz,""Ponto Central "",""Feira de Santana/BA"",""44075-175"""
"Rua Santa Rita,""Aviário "",""Feira de Santana/BA"",""44096-710"""
"Rua Santa Terezinha,""Aviário "",""Feira de Santana/BA"",""44096-620"""
"Rua Santana,""Campo do Gado Novo "",""Feira de Santana/BA"",""44042-559"""
"Rua Santo Amaro,""Chácara São Cosme "",""Feira de Santana/BA"",""44004-048"""
"Rua Santo Amaro,""Gabriela "",""Feira de Santana/BA"",""44030-645"""
"Rua Santo André,""Aviário "",""Feira de Santana/BA"",""44096-686"""
"Rua Santo Antônio,""Aviário "",""Feira de Santana/BA"",""44096-644"""
"Rua São Braz,""Mangabeira "",""Feira de Santana/BA"",""44056-322"""
"Rua São Carlos,""Campo do Gado Novo "",""Feira de Santana/BA"",""44042-539"""
"Rua São Cosme,""Mangabeira "",""Feira de Santana/BA"",""44056-402"""
"Rua São Félix,""Aviário "",""Feira de Santana/BA"",""44096-728"""
"Rua São Félix,""Serraria Brasil "",""Feira de Santana/BA"",""44003-288"""
"Rua São Geraldo,""Campo Limpo "",""Feira de Santana/BA"",""44032-011"""
"Rua São João (Eucalipto),""Tomba "",""Feira de Santana/BA"",""44090-040"""
"Rua São Lucas,""Aviário "",""Feira de Santana/BA"",""44096-698"""
"Rua São Luís,""Campo Limpo "",""Feira de Santana/BA"",""44032-046"""
"Rua São Luís,""Centro "",""Feira de Santana/BA"",""44002-640"""
"Rua São Martins,""Queimadinha "",""Feira de Santana/BA"",""44050-126"""
"Rua São Paulo,""Asa Branca "",""Feira de Santana/BA"",""44044-309"""
"Rua São Roque,""Aviário "",""Feira de Santana/BA"",""44096-722"""
"Rua Sarandi,""Mangabeira "",""Feira de Santana/BA"",""44056-312"""
"Rua Seis (Cj L E Magalhães),""Brasília "",""Feira de Santana/BA"",""44089-358"""
"Rua Senador Quintino - até 421 - lado ímpar,""Olhos D'água "",""Feira de Santana/BA"",""44003-677"""
"Rua Senador Quintino - até 440 - lado par,""Serraria Brasil "",""Feira de Santana/BA"",""44003-234"""
"Rua Senador Quintino - de 1326 a 1800 - lado par,""Serraria Brasil "",""Feira de Santana/BA"",""44003-384"""
"Rua Senador Quintino - de 1805 a 2523 - lado ímpar,""Tomba "",""Feira de Santana/BA"",""44090-005"""
"Rua Senador Quintino - de 2525 a 3091 - lado ímpar,""Tomba "",""Feira de Santana/BA"",""44090-001"""
"Rua Senador Quintino - de 442 a 1324 - lado par,""Serraria Brasil "",""Feira de Santana/BA"",""44003-244"""
"Rua Senhor do Bonfim,""Aviário "",""Feira de Santana/BA"",""44096-668"""
"Rua Sérgio de Carvalho,""Parque Ipé "",""Feira de Santana/BA"",""44054-730"""
"Rua Sergipe,""Asa Branca "",""Feira de Santana/BA"",""44044-344"""
"Rua Serra Dourada,""Parque Ipé "",""Feira de Santana/BA"",""44054-658"""
"Rua Serra Talhada,""Chácara São Cosme "",""Feira de Santana/BA"",""44004-072"""
"Rua Sete (Cj L E Magalhães),""Brasília "",""Feira de Santana/BA"",""44089-352"""
"Rua Silva Jardim,""Queimadinha "",""Feira de Santana/BA"",""44050-222"""
"Rua Silva Sá,""Pampalona "",""Feira de Santana/BA"",""44031-422"""
"Rua Simplesmente,""Campo do Gado Novo "",""Feira de Santana/BA"",""44042-534"""
"Rua Simpliciano,""Campo do Gado Novo "",""Feira de Santana/BA"",""44042-579"""
"Rua Soares,""Aviário "",""Feira de Santana/BA"",""44095-020"""
"Rua Soraia,""Campo do Gado Novo "",""Feira de Santana/BA"",""44042-569"""
"Rua Sublime,""Campo do Gado Novo "",""Feira de Santana/BA"",""44042-549"""
"Rua Sucupira,""Calumbi "",""Feira de Santana/BA"",""44009-760"""
"Rua T (Cj Aviário),""Aviário "",""Feira de Santana/BA"",""44096-330"""
"Rua Tacima,""Gabriela "",""Feira de Santana/BA"",""44030-505"""
"Rua Taguatinga,""35º BI "",""Feira de Santana/BA"",""44094-646"""
"Rua Tainha,""Gabriela "",""Feira de Santana/BA"",""44030-485"""
"Rua Taiô,""Gabriela "",""Feira de Santana/BA"",""44030-445"""
"Rua Taioba,""Gabriela "",""Feira de Santana/BA"",""44030-452"""
"Rua Taipas,""Gabriela "",""Feira de Santana/BA"",""44030-395"""
"Rua Talobeira,""Gabriela "",""Feira de Santana/BA"",""44030-425"""
"Rua Tangará,""Campo do Gado Novo "",""Feira de Santana/BA"",""44042-503"""
"Rua Taquari,""Tomba "",""Feira de Santana/BA"",""44090-012"""
"Rua Tárciso Pimenta Júnior,""Gabriela "",""Feira de Santana/BA"",""44028-541"""
"Rua Tijuca,""Mangabeira "",""Feira de Santana/BA"",""44056-588"""
"Rua Tijuca,""Santo Antônio dos Prazeres "",""Feira de Santana/BA"",""44072-705"""
"Rua Tijuca do Sul,""Santo Antônio dos Prazeres "",""Feira de Santana/BA"",""44072-692"""
"Rua Timon,""Pampalona "",""Feira de Santana/BA"",""44031-545"""
"Rua Tomé de Souza - de 1025 ao fim - lado ímpar,""Calumbi "",""Feira de Santana/BA"",""44009-005"""
"Rua Tradiçáo,""Gabriela "",""Feira de Santana/BA"",""44030-652"""
"Rua Transbrasil,""Pampalona "",""Feira de Santana/BA"",""44031-425"""
"Rua Três (Cj L E Magalhães),""Brasília "",""Feira de Santana/BA"",""44089-376"""
"Rua Treze (Cj L E Magalhães),""Brasília "",""Feira de Santana/BA"",""44089-412"""
"Rua Tubaráo,""Santo Antônio dos Prazeres "",""Feira de Santana/BA"",""44071-702"""
"Rua Tuparetama,""Parque Ipé "",""Feira de Santana/BA"",""44054-706"""
"Rua Tuparetama,""35º BI "",""Feira de Santana/BA"",""44094-670"""
"Rua Tupirama,""Parque Ipé "",""Feira de Santana/BA"",""44054-746"""
"Rua Tupirama,""35º BI "",""Feira de Santana/BA"",""44094-664"""
"Rua Tupirantins,""35º BI "",""Feira de Santana/BA"",""44094-652"""
"Rua Tutóia,""Parque Ipé "",""Feira de Santana/BA"",""44054-674"""
"Rua U (Cj Aviário),""Aviário "",""Feira de Santana/BA"",""44096-336"""
"Rua Um,""Pampalona "",""Feira de Santana/BA"",""44031-035"""
"Rua Um (Cj Arco Íris),""Gabriela "",""Feira de Santana/BA"",""44028-547"""
"Rua Um (Cj L E Magalhães),""Brasília "",""Feira de Santana/BA"",""44089-388"""
"Rua Umbuzeiro,""Calumbi "",""Feira de Santana/BA"",""44009-774"""
"Rua União dos Bandeirantes,""Parque Ipé "",""Feira de Santana/BA"",""44054-610"""
"Rua Uruguai,""Queimadinha "",""Feira de Santana/BA"",""44050-096"""
"Rua Uruguaiana,""Ponto Central "",""Feira de Santana/BA"",""44075-065"""
"Rua Utinga,""Mangabeira "",""Feira de Santana/BA"",""44056-420"""
"Rua U-1 (Cj Aviário),""Aviário "",""Feira de Santana/BA"",""44096-342"""
"Rua Valparaíso,""Parque Ipé "",""Feira de Santana/BA"",""44054-762"""
"Rua Varig - lado ímpar,""Pampalona "",""Feira de Santana/BA"",""44031-430"""
"Rua Varzelândia,""Parque Ipé "",""Feira de Santana/BA"",""44054-758"""
"Rua Varzinha,""Parque Ipé "",""Feira de Santana/BA"",""44054-698"""
"Rua Vasco Filho - de 621/622 ao fim,""Serraria Brasil "",""Feira de Santana/BA"",""44003-246"""
"Rua Vazante,""Campo Limpo "",""Feira de Santana/BA"",""44032-023"""
"Rua Vereador Demõcrito de Lima Soares,""Centro "",""Feira de Santana/BA"",""44002-740"""
"Rua Vertente,""Parque Ipé "",""Feira de Santana/BA"",""44054-760"""
"Rua Vila Nazaré,""Ponto Central "",""Feira de Santana/BA"",""44075-147"""
"Rua Visconde de Cairu,""Ponto Central "",""Feira de Santana/BA"",""44075-135"""
"Rua Visconde do Rio Branco - de 774 ao fim - lado par,""Queimadinha "",""Feira de Santana/BA"",""44050-002"""
"Rua Vitória,""Campo Limpo "",""Feira de Santana/BA"",""44032-056"""
"Rua Viva,""Aviário "",""Feira de Santana/BA"",""44095-014"""
"Rua Vivaldo Moreira de Oliveira,""35º BI "",""Feira de Santana/BA"",""44094-738"""
"Rua V1 (Cj Aviário),""Aviário "",""Feira de Santana/BA"",""44096-338"""
"Rua W (Cj Aviário),""Aviário "",""Feira de Santana/BA"",""44096-380"""
"Rua Wenceslau Braz - até 137/138,""Queimadinha "",""Feira de Santana/BA"",""44050-018"""
"Rua Wenceslau Braz - de 139/140 ao fim,""Queimadinha "",""Feira de Santana/BA"",""44050-042"""
"Rua X (Cj Aviário),""Aviário "",""Feira de Santana/BA"",""44096-372"""
"Rua X-1 (Cj Aviário),""Aviário "",""Feira de Santana/BA"",""44096-354"""
"Rua Y (Cj Aviário),""Aviário "",""Feira de Santana/BA"",""44096-378"""
"Rua 2 de Agosto,""Queimadinha "",""Feira de Santana/BA"",""44050-152"""
"Rua 2 de Julho,""Serraria Brasil "",""Feira de Santana/BA"",""44003-216"""
"Rua 29 de Janeiro,""Chácara São Cosme "",""Feira de Santana/BA"",""44004-144"""
"Rua 7 de Setembro - até 400 - lado par,""Chácara São Cosme "",""Feira de Santana/BA"",""44004-064"""
"Travessa águia,""Olhos D'água "",""Feira de Santana/BA"",""44003-670"""
"Travessa Aloísio Resende,""Queimadinha "",""Feira de Santana/BA"",""44050-062"""
"Travessa Américo Vespúcio,""Serraria Brasil "",""Feira de Santana/BA"",""44003-286"""
"Travessa Araçás,""Aviário "",""Feira de Santana/BA"",""44095-142"""
"Travessa Artur Assis,""Queimadinha "",""Feira de Santana/BA"",""44050-048"""
"Travessa Artur Bernardes,""Queimadinha "",""Feira de Santana/BA"",""44050-068"""
"Travessa Assis,""Asa Branca "",""Feira de Santana/BA"",""44044-251"""
"Travessa Boa Esperança,""Limoeiro "",""Feira de Santana/BA"",""44097-000"""
"Travessa Bossoroca,""Brasília "",""Feira de Santana/BA"",""44088-552"""
"Travessa Cachoeirinha,""Aviário "",""Feira de Santana/BA"",""44095-034"""
"Travessa Caravelas,""Chácara São Cosme "",""Feira de Santana/BA"",""44004-120"""
"Travessa Coronel Ponce,""Brasília "",""Feira de Santana/BA"",""44088-510"""
"Travessa Cosmorama,""Mangabeira "",""Feira de Santana/BA"",""44056-704"""
"Travessa Cristianópolis,""Gabriela "",""Feira de Santana/BA"",""44028-414"""
"Travessa Cuiabá,""Centro "",""Feira de Santana/BA"",""44002-688"""
"Travessa Dantas,""Tomba "",""Feira de Santana/BA"",""44090-024"""
"Travessa Desembargador Felinto Bastos,""Centro "",""Feira de Santana/BA"",""44002-756"""
"Travessa Doutor Geraldo Leite,""Serraria Brasil "",""Feira de Santana/BA"",""44003-304"""
"Travessa José Américo,""Santo Antônio dos Prazeres "",""Feira de Santana/BA"",""44071-464"""
"Travessa Laranjeiras,""Santo Antônio dos Prazeres "",""Feira de Santana/BA"",""44071-448"""
"Travessa Luiz Portugal,""Aviário "",""Feira de Santana/BA"",""44095-030"""
"Travessa Macapá,""Centro "",""Feira de Santana/BA"",""44002-664"""
"Travessa Maeve Lima Carvalho,""Campo do Gado Novo "",""Feira de Santana/BA"",""44042-526"""
"Travessa Manoel Matias de Azevedo,""Centro "",""Feira de Santana/BA"",""44002-724"""
"Travessa Miláo,""Brasília "",""Feira de Santana/BA"",""44088-618"""
"Travessa Moisés,""Aviário "",""Feira de Santana/BA"",""44095-022"""
"Travessa Palmares,""Pampalona "",""Feira de Santana/BA"",""44031-481"""
"Travessa Pandalha,""Queimadinha "",""Feira de Santana/BA"",""44050-108"""
"Travessa Pedro Suzart,""Serraria Brasil "",""Feira de Santana/BA"",""44003-348"""
"Travessa Pires,""Aviário "",""Feira de Santana/BA"",""44095-026"""
"Travessa Porto Alegre,""Calumbi "",""Feira de Santana/BA"",""44009-058"""
"Travessa Primavera,""Pampalona "",""Feira de Santana/BA"",""44031-522"""
"Travessa Rio Paraguaçu,""Brasília "",""Feira de Santana/BA"",""44088-440"""
"Travessa Rodolfo Valentim,""Parque Ipé "",""Feira de Santana/BA"",""44054-636"""
"Travessa Salinas,""Campo Limpo "",""Feira de Santana/BA"",""44032-014"""
"Travessa Salvador (Eucalipto),""Tomba "",""Feira de Santana/BA"",""44090-036"""
"Travessa Santa Luz,""Ponto Central "",""Feira de Santana/BA"",""44075-177"""
"Travessa Santo Amaro,""Chácara São Cosme "",""Feira de Santana/BA"",""44004-052"""
"Travessa São Luís,""Centro "",""Feira de Santana/BA"",""44002-648"""
"Travessa Senador Quintino,""Olhos D'água "",""Feira de Santana/BA"",""44003-706"""
"Travessa Taipas,""Gabriela "",""Feira de Santana/BA"",""44030-412"""
"Travessa Tupiratins,""35º BI "",""Feira de Santana/BA"",""44094-658"""
"Travessa Uberaba,""Campo Limpo "",""Feira de Santana/BA"",""44032-036"""
"Travessa Valter Carneiro,""Asa Branca "",""Feira de Santana/BA"",""44044-377"""
"Travessa Visconde de Cairu,""Ponto Central "",""Feira de Santana/BA"",""44075-139"""
"Travessa Vitória,""Campo Limpo "",""Feira de Santana/BA"",""44032-058"""
"Travessa 2 de Julho,""Serraria Brasil "",""Feira de Santana/BA"",""44003-222"""
"Travessa 7 de Setembro,""Chácara São Cosme "",""Feira de Santana/BA"",""44004-104"""
"Via Local A (Feira IX),""Calumbi "",""Feira de Santana/BA"",""44009-086"""
"Via Local C (Feira IX),""Calumbi "",""Feira de Santana/BA"",""44009-610"""
"Via Local D (Feira IX),""Calumbi "",""Feira de Santana/BA"",""44009-510"""
"Via Local E (Feira IX),""Calumbi "",""Feira de Santana/BA"",""44009-550"""
"Via Pedestre 1 (Feira IX),""Calumbi "",""Feira de Santana/BA"",""44009-720"""
"Via Pedestre 1 (Viveiros),""CIS "",""Feira de Santana/BA"",""44013-210"""
"Via Pedestre 10 (Viveiros),""CIS "",""Feira de Santana/BA"",""44013-310"""
"Via Pedestre 11 (Feira IX),""Calumbi "",""Feira de Santana/BA"",""44009-650"""
"Via Pedestre 11 (Viveiros),""CIS "",""Feira de Santana/BA"",""44013-320"""
"Via Pedestre 12 (Feira IX),""Calumbi "",""Feira de Santana/BA"",""44009-640"""
"Via Pedestre 12 (Viveiros),""CIS "",""Feira de Santana/BA"",""44013-360"""
"Via Pedestre 13 (Feira IX),""Calumbi "",""Feira de Santana/BA"",""44009-630"""
"Via Pedestre 13 (Viveiros),""CIS "",""Feira de Santana/BA"",""44013-370"""
"Via Pedestre 14 (Feira IX),""Calumbi "",""Feira de Santana/BA"",""44009-620"""
"Via Pedestre 14 (Viveiros),""CIS "",""Feira de Santana/BA"",""44013-390"""
"Via Pedestre 15 (Viveiros),""CIS "",""Feira de Santana/BA"",""44013-420"""
"Via Pedestre 16 (Feira IX),""Calumbi "",""Feira de Santana/BA"",""44009-600"""
"Via Pedestre 16 (Viveiros),""CIS "",""Feira de Santana/BA"",""44013-440"""
"Via Pedestre 17 (Feira IX),""Calumbi "",""Feira de Santana/BA"",""44009-580"""
"Via Pedestre 17 (Viveiros),""CIS "",""Feira de Santana/BA"",""44013-450"""
"Via Pedestre 18 (Feira IX),""Calumbi "",""Feira de Santana/BA"",""44009-590"""
"Via Pedestre 18 (Viveiros),""CIS "",""Feira de Santana/BA"",""44013-460"""
"Via Pedestre 19 (Feira IX),""Calumbi "",""Feira de Santana/BA"",""44009-570"""
"Via Pedestre 19 (Viveiros),""CIS "",""Feira de Santana/BA"",""44013-400"""
"Via Pedestre 2 (Feira IX),""Calumbi "",""Feira de Santana/BA"",""44009-700"""
"Via Pedestre 2 (Viveiros),""CIS "",""Feira de Santana/BA"",""44013-220"""
"Via Pedestre 20 (Feira IX),""Calumbi "",""Feira de Santana/BA"",""44009-560"""
"Via Pedestre 21 (Feira IX),""Calumbi "",""Feira de Santana/BA"",""44009-548"""
"Via Pedestre 22 (Feira IX),""Calumbi "",""Feira de Santana/BA"",""44009-544"""
"Via Pedestre 23 (Feira IX),""Calumbi "",""Feira de Santana/BA"",""44009-540"""
"Via Pedestre 24 (Feira IX),""Calumbi "",""Feira de Santana/BA"",""44009-530"""
"Via Pedestre 24 (Viveiros),""CIS "",""Feira de Santana/BA"",""44013-350"""
"Via Pedestre 25 (Feira IX),""Calumbi "",""Feira de Santana/BA"",""44009-520"""
"Via Pedestre 25 (Viveiros),""CIS "",""Feira de Santana/BA"",""44013-560"""
"Via Pedestre 26 (Feira IX),""Calumbi "",""Feira de Santana/BA"",""44009-500"""
"Via Pedestre 26 (Viveiros),""CIS "",""Feira de Santana/BA"",""44013-550"""
"Via Pedestre 27 (Feira IX),""Calumbi "",""Feira de Santana/BA"",""44009-490"""
"Via Pedestre 27 (Viveiros),""CIS "",""Feira de Santana/BA"",""44013-540"""
"Via Pedestre 28 (Viveiros),""CIS "",""Feira de Santana/BA"",""44013-530"""
"Via Pedestre 29 (Feira IX),""Calumbi "",""Feira de Santana/BA"",""44009-480"""
"Via Pedestre 29 (Viveiros),""CIS "",""Feira de Santana/BA"",""44013-520"""
"Via Pedestre 3 (Feira IX),""Calumbi "",""Feira de Santana/BA"",""44009-710"""
"Via Pedestre 3 (Viveiros),""CIS "",""Feira de Santana/BA"",""44013-230"""
"Via Pedestre 30 (Viveiros),""CIS "",""Feira de Santana/BA"",""44013-510"""
"Via Pedestre 31 (Viveiros),""CIS "",""Feira de Santana/BA"",""44013-500"""
"Via Pedestre 32 (Viveiros),""CIS "",""Feira de Santana/BA"",""44013-430"""
"Via Pedestre 33 (Viveiros),""CIS "",""Feira de Santana/BA"",""44013-470"""
"Via Pedestre 34 (Viveiros),""CIS "",""Feira de Santana/BA"",""44013-480"""
"Via Pedestre 4 (Feira IX),""Calumbi "",""Feira de Santana/BA"",""44009-690"""
"Via Pedestre 4 (Viveiros),""CIS "",""Feira de Santana/BA"",""44013-240"""
"Via Pedestre 5 (Feira IX),""Calumbi "",""Feira de Santana/BA"",""44009-680"""
"Via Pedestre 5 (Viveiros),""CIS "",""Feira de Santana/BA"",""44013-250"""
"Via Pedestre 6 (Feira IX),""Calumbi "",""Feira de Santana/BA"",""44009-670"""
"Via Pedestre 6 (Viveiros),""CIS "",""Feira de Santana/BA"",""44013-260"""
"Via Pedestre 7 (Feira IX),""Calumbi "",""Feira de Santana/BA"",""44009-660"""
"Via Pedestre 7 (Viveiros),""CIS "",""Feira de Santana/BA"",""44013-270"""
"Via Pedestre 8 (Viveiros),""CIS "",""Feira de Santana/BA"",""44013-290"""
"Via Pedestre 9 (Viveiros),""CIS "",""Feira de Santana/BA"",""44013-300"""
"Via Principal A (Viveiros) - até 141/142,""CIS "",""Feira de Santana/BA"",""44013-280"""
"Via Principal B (Viveiros),""CIS "",""Feira de Santana/BA"",""44013-380"""
"Via Principal C (Viveiros),""CIS "",""Feira de Santana/BA"",""44013-330"""
"Via Principal D (Viveiros) - até 103/104,""CIS "",""Feira de Santana/BA"",""44013-490"""
"Via Principal E (Viveiros),""CIS "",""Feira de Santana/BA"",""44013-340"""
"Vila Francisco da Silva,""Queimadinha "",""Feira de Santana/BA"",""44050-038"""
"Vila Isaura,""Serraria Brasil "",""Feira de Santana/BA"",""44003-278"""
"Vila Rica,""Olhos D'água "",""Feira de Santana/BA"",""44003-640"""
"Vila Santa Cruz,""Centro "",""Feira de Santana/BA"",""44002-840"""
"Vila Setenta,""Ponto Central "",""Feira de Santana/BA"",""44075-079"""
"1ª Travessa Amaralina,""Pampalona "",""Feira de Santana/BA"",""44031-615"""
"1ª Travessa Canavieiras,""Chácara São Cosme "",""Feira de Santana/BA"",""44004-088"""
"1ª Travessa das Américas,""Chácara São Cosme "",""Feira de Santana/BA"",""44004-200"""
"1ª Travessa Doutor João Evangelista,""Centro "",""Feira de Santana/BA"",""44002-848"""
"1ª Travessa Francelino Matos,""Serraria Brasil "",""Feira de Santana/BA"",""44003-312"""
"1ª Travessa Ipirá,""Centro "",""Feira de Santana/BA"",""44002-796"""
"1ª Travessa José Paulo da Silva,""Calumbi "",""Feira de Santana/BA"",""44008-860"""
"1ª Travessa Pamponet,""Tomba "",""Feira de Santana/BA"",""44090-020"""
"1ª Travessa Papa João XXIII,""Chácara São Cosme "",""Feira de Santana/BA"",""44004-008"""
"1ª Travessa Quito,""Santo Antônio dos Prazeres "",""Feira de Santana/BA"",""44071-708"""
"1ª Travessa Rio Fundo,""Brasília "",""Feira de Santana/BA"",""44088-415"""
"1ª Travessa Rio Itapicuru,""Brasília "",""Feira de Santana/BA"",""44088-434"""
"1ª Travessa Tuparetama,""Parque Ipé "",""Feira de Santana/BA"",""44054-714"""
"2ª Travessa Amaralina,""Pampalona "",""Feira de Santana/BA"",""44031-595"""
"2ª Travessa Boa Esperança,""Aviário "",""Feira de Santana/BA"",""44096-780"""
"2ª Travessa Canavieiras,""Chácara São Cosme "",""Feira de Santana/BA"",""44004-096"""
"2ª Travessa Doutor João Evangelista,""Centro "",""Feira de Santana/BA"",""44002-852"""
"2ª Travessa Francelino Matos,""Serraria Brasil "",""Feira de Santana/BA"",""44003-320"""
"2ª Travessa Ipirá,""Centro "",""Feira de Santana/BA"",""44002-804"""
"2ª Travessa José Paulo da Silva,""Calumbi "",""Feira de Santana/BA"",""44008-890"""
"2ª Travessa Pamponet,""Tomba "",""Feira de Santana/BA"",""44090-022"""
"2ª Travessa Quito,""Santo Antônio dos Prazeres "",""Feira de Santana/BA"",""44071-700"""
"2ª Travessa Rio Fundo,""Brasília "",""Feira de Santana/BA"",""44088-416"""
"2ª Travessa Rio Itapicuru,""Brasília "",""Feira de Santana/BA"",""44088-436"""
"2ª Travessa Soares,""Aviário "",""Feira de Santana/BA"",""44095-018"""
"2ª Travessa Tuparetama,""Parque Ipé "",""Feira de Santana/BA"",""44054-722"""
"3ª Travessa Boa Esperança,""Aviário "",""Feira de Santana/BA"",""44096-774"""
"3ª Travessa Boa Esperança do Sul,""Limoeiro "",""Feira de Santana/BA"",""44097-006"""
"3ª Travessa Doutor João Evangelista,""Centro "",""Feira de Santana/BA"",""44002-856"""
"3ª Travessa Ipirá,""Centro "",""Feira de Santana/BA"",""44002-832"""
"3ª Travessa José Paulo da Silva,""Calumbi "",""Feira de Santana/BA"",""44008-850"""
"3ª Travessa Rio Fundo,""Brasília "",""Feira de Santana/BA"",""44088-417"""
"3ª Travessa Rio Itapicuru,""Brasília "",""Feira de Santana/BA"",""44088-437"""
"4ª Travessa Ipirá,""Centro "",""Feira de Santana/BA"",""44002-800"""
"5ª Travessa Ipirá,""Centro "",""Feira de Santana/BA"",""44002-820"""
"6ª Travessa Ipirá,""Centro "",""Feira de Santana/BA"",""44002-828"""
"7ª Travessa Ipirá,""Centro "",""Feira de Santana/BA"",""44002-792"""
